Recency,Frequency,Monetary,Cluster_2,Cluster_4,Segment,PCA1,PCA2
326,1,77183.6,1,3,Regular Customers,0.8733383720871233,2.6916107150844253
2,7,4310.0,1,0,Champions,2.5518744831222575,-0.8028584565784533
75,4,1797.24,1,3,Regular Customers,0.4773394075321925,0.7478671898845528
19,1,1757.55,0,2,Recent Customers,0.14760886406696816,-0.45706580927755847
310,1,334.4,0,1,At Risk,-1.6862551390641356,0.6790349444153215
36,8,2506.04,1,3,Regular Customers,1.4417318827045682,0.6374134047607792
204,1,89.0,0,1,At Risk,-2.1508032518105358,-0.06429463777775524
232,1,1079.4,0,1,At Risk,-1.0213019914127106,0.9220157633544532
214,1,459.4,0,1,At Risk,-1.3950395877427841,0.5603840767546805
23,3,2811.43,1,3,Regular Customers,0.9278083476336718,0.09467236556320427
33,1,6207.67,1,3,Regular Customers,0.5430368264902349,0.33874658386446077
2,2,1168.06,1,2,Recent Customers,1.0456016685963108,-1.653320668954559
58,4,6310.03,1,3,Regular Customers,1.1693575279866448,1.0446122601268362
52,3,2662.06,1,3,Regular Customers,0.5992988714469005,0.5770247834330703
287,1,189.9,0,1,At Risk,-1.9241271046700124,0.4250719900016714
3,10,5226.23,1,0,Champions,2.8215121299246833,-0.4284852272465628
110,2,552.0,0,1,At Risk,-0.6887133261957893,0.3631274391889979
8,4,1313.1,1,2,Recent Customers,1.1436135739678934,-0.7188755915320818
291,2,641.38,0,1,At Risk,-0.9871518629166011,1.0308510199602174
4,1,168.9,0,2,Recent Customers,-0.43094752699380395,-2.187045705844122
51,4,3541.94,1,3,Regular Customers,0.9438515576658634,0.7542796932326143
45,2,1887.96,0,3,Regular Customers,0.23024835946544248,0.2520976032566335
72,3,1298.04,0,3,Regular Customers,0.13662280163412605,0.5185463000377041
311,1,364.6,0,1,At Risk,-1.6466016669306938,0.7124702878424027
25,1,742.9300000000001,0,2,Recent Customers,-0.3605288117200882,-0.6040678963991587
11,2,457.5,0,2,Recent Customers,0.07223276167155421,-1.115392323037843
315,2,1628.12,0,3,Regular Customers,-0.5760688882074648,1.4198586829122222
130,1,4008.62,0,3,Regular Customers,-0.179540763193864,1.0345742256295656
82,2,852.24,0,3,Regular Customers,-0.3720373401887733,0.33679803853320506
22,4,2724.81,1,3,Regular Customers,1.1311467953992271,0.14165562210070765
5,5,1845.31,1,0,Champions,1.62470654112169,-0.7823299285895331
185,5,1850.56,1,3,Regular Customers,0.31427663986289145,1.3956319536110557
29,2,585.27,0,2,Recent Customers,-0.1612314807974229,-0.4449939894263725
338,2,401.9,0,1,At Risk,-1.2653532561060878,0.9555653484431773
16,6,2780.66,1,0,Champions,1.560695008641628,0.08612308528882061
80,1,549.84,0,1,At Risk,-0.937098200356821,0.006862486120639965
22,1,439.66,0,2,Recent Customers,-0.5619975953740696,-0.8725139920482803
72,4,1582.6000000000001,1,3,Regular Customers,0.43245514705932286,0.6760429587082991
64,2,1272.48,0,3,Regular Customers,-0.08877265692538856,0.32768236118107474
19,12,3018.63,1,0,Champions,2.0976792467991605,0.4558406266773308
36,2,2409.9,1,3,Regular Customers,0.4290997856606494,0.20293114700744938
46,1,1635.6599999999999,0,3,Regular Customers,-0.2128356393171133,0.058417199010400316
119,4,1108.65,0,3,Regular Customers,0.07395349029367274,0.8615980966365696
303,1,84.3,0,1,At Risk,-2.3267486705295655,0.1659531611941966
323,1,225.6,0,1,At Risk,-1.8878323637028054,0.5621768371605789
50,1,427.7,0,1,At Risk,-0.8792415793144248,-0.37771245603013415
149,1,1710.39,0,3,Regular Customers,-0.6349693681322687,0.8103531090659392
22,2,3415.3,1,3,Regular Customers,0.7759813884580938,0.028489315736765934
50,5,1708.1200000000001,1,3,Regular Customers,0.7705957840620565,0.546214446255992
33,5,2888.55,1,3,Regular Customers,1.1744722380021981,0.48042731265193767
79,3,11072.67,1,3,Regular Customers,1.1177334528944587,1.3570637037754012
309,2,693.3299999999999,0,1,At Risk,-0.973128600159607,1.0970953044630827
75,3,1226.88,0,3,Regular Customers,0.09452602349256056,0.5235594017787581
67,3,758.1,0,3,Regular Customers,-0.09101256506569147,0.2778996748576024
217,3,562.41,0,1,At Risk,-0.6773934694661106,0.9078482306637348
24,21,124914.53,1,0,Champions,4.253525653047013,2.154292100458147
3,9,3649.1,1,0,Champions,2.56498763695852,-0.5957388289747906
113,1,668.58,0,1,At Risk,-0.9750876126818997,0.29460458980755616
64,1,600.39,0,1,At Risk,-0.8114044942520925,-0.10066577361855608
16,4,807.04,1,2,Recent Customers,0.6700873081213399,-0.4928104862974703
96,3,803.5600000000001,0,3,Regular Customers,-0.19912165949612362,0.5242586369353098
1,8,1859.31,1,0,Champions,2.4148455960953146,-1.3209300420574237
163,2,1760.96,0,3,Regular Customers,-0.28835809484363023,1.032624305328618
78,1,777.2,0,1,At Risk,-0.7637084323584055,0.11686011714034222
195,1,582.73,0,1,At Risk,-1.2471584042956847,0.5881714868887626
22,3,825.8,1,2,Recent Customers,0.36358520355562157,-0.3781816598008337
26,9,7956.46,1,0,Champions,2.205081856404461,0.8986332463068449
9,4,3750.4,1,0,Champions,1.6007443824338843,-0.27004181346525263
43,1,256.4,0,1,At Risk,-1.0647240384456156,-0.6570943263722828
36,15,6419.95,1,0,Champions,2.408282333421584,1.200022338512633
43,5,5059.32,1,3,Regular Customers,1.341665115707941,0.8479486492927447
1,7,13375.87,1,0,Champions,3.2436748057961124,-0.6474879773524043
85,2,806.14,0,3,Regular Customers,-0.4119371938234448,0.33907773634261795
80,2,7829.89,1,3,Regular Customers,0.6883837225964801,1.1287000858916505
100,1,509.01,0,1,At Risk,-1.0579108610833896,0.1187051332149778
2,18,4951.41,1,0,Champions,3.4003443613835884,-0.42146309831575546
14,2,2906.85,1,3,Regular Customers,0.8628567693046831,-0.30117216685965686
367,1,173.55,0,1,At Risk,-2.060218570255401,0.5478536076739507
3,1,172.06,0,2,Recent Customers,-0.3369692425993366,-2.3217927357779686
21,5,5005.46,1,0,Champions,1.6013721845577005,0.40464055421318074
22,1,133.4,0,2,Recent Customers,-1.1250351191757324,-1.304989546247334
58,1,1002.3100000000001,0,1,At Risk,-0.5317275718147376,0.024343296658344463
243,1,476.49,0,1,At Risk,-1.4260920664466161,0.6538704608697516
44,1,449.45,0,1,At Risk,-0.8079636878164131,-0.43903349932675323
22,4,4067.29,1,3,Regular Customers,1.3210257706723225,0.2875038321942634
156,2,197.88,0,1,At Risk,-1.306056198917349,0.21046705375335104
11,5,9035.52,1,0,Champions,2.112925076773832,0.23546836764501652
17,2,430.57,0,2,Recent Customers,-0.11135500586330375,-0.8803989328176374
134,1,707.09,0,1,At Risk,-1.0131593914967436,0.4221546498588045
56,1,3528.34,0,3,Regular Customers,0.07784195169939714,0.46057975535664125
73,6,2466.86,1,3,Regular Customers,0.9420778202771108,0.9749548195890568
44,3,3181.04,1,3,Regular Customers,0.7462267995283678,0.5381395796359464
66,7,2363.23,1,3,Regular Customers,1.0805244543590673,0.9474134406036192
71,2,947.4,0,3,Regular Customers,-0.2675919007918487,0.28517784646767835
94,2,826.88,0,3,Regular Customers,-0.4379274613336822,0.4114133757804805
19,2,1189.59,1,2,Recent Customers,0.32955847643532865,-0.4440218682474485
53,4,1344.78,1,3,Regular Customers,0.4704602503534377,0.42566102538110623
10,8,1212.05,1,0,Champions,1.5608838036927173,-0.39596473007003735
17,2,742.1899999999999,0,2,Recent Customers,0.14635897650833335,-0.6824458788213991
188,2,729.5400000000001,0,1,At Risk,-0.76000185750272,0.801922719949755
2,30,19788.65,1,0,Champions,4.500157896007693,0.2703254325940958
32,7,6572.11,1,0,Champions,1.835890242707291,0.8708810509213992
29,5,3928.0499999999997,1,3,Regular Customers,1.3679908352261012,0.5130007519069132
17,18,7324.09,1,0,Champions,2.9014950615762554,0.8569584305410011
54,1,723.38,0,1,At Risk,-0.6593628696365753,-0.13879895795556207
16,11,6816.42,1,0,Champions,2.47346069209353,0.6187847328639414
23,6,13219.74,1,0,Champions,2.1680513633274323,0.8724292715313827
4,1,680.99,0,2,Recent Customers,0.22803622352635264,-1.6808727588084136
11,1,527.2,0,2,Recent Customers,-0.2275567948698618,-1.2189504713963086
28,4,3281.63,1,3,Regular Customers,1.1307347445464115,0.35630102468538094
23,10,5579.82,1,0,Champions,2.1680990724411235,0.7312141135954899
17,8,2484.98,1,0,Champions,1.7129791807884853,0.17756097288612024
33,6,4527.32,1,3,Regular Customers,1.5269716617406377,0.7030118588458398
10,3,1298.66,1,2,Recent Customers,0.8598047830029948,-0.6810442653595113
336,1,334.93,0,1,At Risk,-1.7161770951076065,0.7305087309119223
5,10,5417.93,1,0,Champions,2.6837028712990727,-0.15832884135733757
39,1,460.40000000000003,0,2,Recent Customers,-0.7515824106837363,-0.5049528382479768
63,2,263.21000000000004,0,1,At Risk,-0.8285850470621623,-0.2549538399836605
166,2,433.74,0,1,At Risk,-0.9588321078895172,0.534436039407277
16,7,1246.1000000000001,1,3,Regular Customers,1.3011419521075773,-0.15497304911245915
82,1,1043.1,0,1,At Risk,-0.6432092506315917,0.2552214310723991
21,3,403.70000000000005,0,2,Recent Customers,0.0418210024225287,-0.6665548903395591
23,11,4257.82,1,0,Champions,2.1186473523658482,0.6660373849559306
337,1,2169.39,0,1,At Risk,-0.8326487750411842,1.4119046413882128
96,5,3723.87,1,3,Regular Customers,0.894407334777773,1.2374971151325413
18,2,482.04999999999995,0,2,Recent Customers,-0.07857577509860696,-0.8050814356989685
233,1,73.5,0,1,At Risk,-2.2909662421677424,-0.04925631343799988
134,3,1304.81,0,3,Regular Customers,-0.09577076504214621,0.9101929446175221
26,2,397.88,0,2,Recent Customers,-0.3035906751373185,-0.6520480947173113
284,1,176.5,0,1,At Risk,-1.9546357142128203,0.39192738797665894
143,2,982.5699999999999,0,3,Regular Customers,-0.5151075712446155,0.7378502939310781
66,2,132.18,0,1,At Risk,-1.1709009764339906,-0.47540900898558175
113,1,612.29,0,1,At Risk,-1.0167245128610767,0.26262281111803604
267,1,1017.68,0,1,At Risk,-1.102653619981274,0.9893103231351708
353,1,383.7,0,1,At Risk,-1.6706997342329828,0.8110791419501481
78,2,1312.06,0,3,Regular Customers,-0.14877293990858056,0.46248545911196315
28,5,2481.6,1,3,Regular Customers,1.1632604833738647,0.3243063268764466
1,5,2056.89,1,0,Champions,2.0958163894031334,-1.4392663854913548
64,1,330.84,0,1,At Risk,-1.0933329882117624,-0.31721827059327484
79,5,2634.26,1,3,Regular Customers,0.8039307892893098,0.9893146581330793
143,1,599.68,0,1,At Risk,-1.1158157669181732,0.4031531011466118
39,2,192.72,0,2,Recent Customers,-0.7961894949770106,-0.6659296841179637
19,11,1789.77,1,0,Champions,1.7775108464550917,0.2349301096170661
9,8,4485.72,1,0,Champions,2.2174800213084995,0.01998815216234452
1,3,1316.66,1,2,Recent Customers,1.5175370380552147,-1.7567357267211319
82,3,348.71000000000004,0,1,At Risk,-0.5346417778378142,0.12199495769356548
9,6,1933.48,1,0,Champions,1.591176224910355,-0.38254360209350746
60,4,1662.28,1,3,Regular Customers,0.524333164087407,0.5800763040897725
15,1,125.22,0,2,Recent Customers,-1.0161800751971048,-1.557918212495099
30,1,349.83000000000004,0,2,Recent Customers,-0.7841154300759254,-0.7663168939652795
131,1,1089.18,0,1,At Risk,-0.7999639294024798,0.5650722513633459
92,2,716.35,0,3,Regular Customers,-0.4977480916907017,0.3457328086390993
43,3,12601.830000000002,1,3,Regular Customers,1.4074385711481354,1.0251836266462946
29,1,363.95,0,2,Recent Customers,-0.7528802771295676,-0.7727325540816982
22,4,5568.35,1,3,Regular Customers,1.469936972945144,0.4018842278285545
20,17,13400.24,1,0,Champions,3.080096269194793,1.1539929199770471
30,3,981.18,1,3,Regular Customers,0.33121664286780883,-0.12623597664306846
36,1,372.7,0,2,Recent Customers,-0.8217589436078752,-0.6311540979814044
75,2,1000.39,0,3,Regular Customers,-0.2624666010493847,0.3392540432483693
47,2,1161.5,0,3,Regular Customers,-0.016189829726730002,0.10227339750284005
198,2,207.79999999999998,0,1,At Risk,-1.3735326408164685,0.37847500160031144
166,1,95.19999999999999,0,1,At Risk,-2.0408993904944817,-0.16999856711791758
79,1,964.83,0,1,At Risk,-0.6660938744319457,0.20350394464082008
358,1,168.0,0,1,At Risk,-2.066081250057366,0.5203886483065653
39,2,437.82,0,2,Recent Customers,-0.4084841166663556,-0.3681287538731808
8,10,3692.28,1,0,Champions,2.347032626757845,-0.04091985054709877
50,2,599.56,0,3,Regular Customers,-0.352511742372851,-0.09983888571993335
16,5,11990.960000000001,1,0,Champions,2.1140407535409347,0.55932856154313
8,1,269.96,0,2,Recent Customers,-0.4341634509857219,-1.6444302140327915
311,2,561.71,0,1,At Risk,-1.075244603475954,1.0246225406608884
5,3,2134.01,1,2,Recent Customers,1.326703398697481,-0.8845159118564939
303,1,238.85,0,1,At Risk,-1.8365480320425531,0.5424818716910835
8,7,3781.7400000000002,1,0,Champions,2.0702245609329286,-0.15401795085557504
261,1,456.9,0,1,At Risk,-1.4731447758800564,0.6837342668613403
289,1,145.92,0,1,At Risk,-2.0509337905322345,0.33408801882187095
86,1,351.65,0,1,At Risk,-1.1758537409356706,-0.1102606932757125
23,10,9401.28,1,0,Champions,2.4154264326965547,0.9211890844870138
2,32,4124.69,1,0,Champions,3.813289393782686,-0.27680461489971536
40,2,519.61,0,2,Recent Customers,-0.33687782037873426,-0.2902283732840321
9,2,1020.42,1,2,Recent Customers,0.5216725259129241,-0.9392489336925853
227,1,160.54000000000002,0,1,At Risk,-1.9140692258462602,0.21615414733492236
316,1,218.45,0,1,At Risk,-1.894691205417157,0.536653479351122
36,5,1315.83,1,3,Regular Customers,0.769545220962334,0.24781278561562414
35,3,626.6,0,3,Regular Customers,0.06173502451543241,-0.1945591962070815
21,2,2794.51,1,3,Regular Customers,0.6978730408625196,-0.07272907016392866
78,1,440.42,0,1,At Risk,-1.0325483551762633,-0.08963889881590213
247,1,415.7,0,1,At Risk,-1.496872482216861,0.6145824564216649
40,1,197.71,0,1,At Risk,-1.1604525296396375,-0.79611188119241
239,2,511.36,0,1,At Risk,-1.019467848169054,0.8241610369693751
3,15,7281.38,1,0,Champions,3.317776312797871,-0.16439609122813084
4,9,2338.15,1,0,Champions,2.2687636936495914,-0.6163390001170049
234,2,2040.1,0,3,Regular Customers,-0.3560397777306443,1.3142237764203633
17,1,196.94000000000003,0,2,Recent Customers,-0.8478325746473646,-1.3193821321239476
8,1,144.0,0,2,Recent Customers,-0.7306232711470164,-1.8721443886695284
39,1,214.89999999999998,0,1,At Risk,-1.1116798537663275,-0.7815477980497411
29,2,646.68,0,2,Recent Customers,-0.11399785228066506,-0.40871329976347026
211,2,9864.26,1,3,Regular Customers,0.430352326127185,1.822743889738
317,1,452.84999999999997,0,1,At Risk,-1.5513528492487776,0.803296392049023
92,2,437.6,0,1,At Risk,-0.7310212614129374,0.16655302205185257
109,3,418.09999999999997,0,1,At Risk,-0.5564029264562751,0.36645942267757353
38,10,3338.2200000000003,1,0,Champions,1.7391104858291029,0.851940169861681
51,2,618.27,0,3,Regular Customers,-0.34538288327366445,-0.07635570899381053
19,4,3811.22,1,3,Regular Customers,1.3435891946595275,0.17522641062113695
10,8,3023.08,1,0,Champions,1.9940102381352338,-0.06327536771810267
29,7,1032.58,1,3,Regular Customers,0.9951303965286902,0.13669763468763424
29,10,2599.04,1,0,Champions,1.7206944506360142,0.5944903362052194
190,5,577.0600000000001,0,3,Regular Customers,-0.24782392303946785,0.9884757528598808
59,1,153.12,0,1,At Risk,-1.426396881273612,-0.647276290441153
22,1,739.1999999999999,0,2,Recent Customers,-0.3160783240419248,-0.6836205903448063
79,2,254.18,0,1,At Risk,-0.9303142274333399,-0.12616036179612342
60,1,1579.51,0,3,Regular Customers,-0.32898532144153114,0.21098656196938356
78,3,1126.85,0,3,Regular Customers,0.039445343041844466,0.5171533177799361
23,5,2099.54,1,3,Regular Customers,1.156313492287739,0.14347614279454315
52,1,1193.32,0,3,Regular Customers,-0.40812774165076365,0.019827282535644124
74,1,704.0400000000001,0,1,At Risk,-0.7906728303490748,0.04796343940481645
57,5,3344.38,1,3,Regular Customers,1.0399078684251601,0.8723498357170676
278,1,315.6,0,1,At Risk,-1.6721288862116386,0.5891924523651013
2,4,2291.19,1,0,Champions,1.8270804085947092,-1.2126982212458828
95,2,713.3,0,1,At Risk,-0.5118963246057017,0.3643076373808894
29,1,352.98,0,2,Recent Customers,-0.7673514780131719,-0.7838480488000701
22,1,177.31,0,2,Recent Customers,-0.9909898346512152,-1.2020278318644546
16,9,3641.24,1,0,Champions,2.011245344034276,0.3207299330277437
15,3,1339.41,1,2,Recent Customers,0.7313111649665364,-0.4322686170153949
2,20,13689.67,1,0,Champions,3.9730464326090136,-0.01284160445418217
232,1,180.1,0,1,At Risk,-1.8681614851860657,0.2715333116246878
276,1,305.1,0,1,At Risk,-1.6853726747776019,0.5723481145566769
106,2,641.13,0,1,At Risk,-0.603839096945053,0.39428518458350326
212,2,2683.82,0,3,Regular Customers,-0.1885141132156843,1.3517495295122244
23,9,6620.48,1,0,Champions,2.162929243240805,0.7570289005932384
11,7,4478.53,1,0,Champions,2.0404958343930746,0.08992988445659252
4,3,786.46,1,2,Recent Customers,0.923420460671201,-1.3633585716670376
10,2,1270.88,1,2,Recent Customers,0.5892476344920302,-0.7989575473075845
57,1,640.5,0,1,At Risk,-0.7372639043307387,-0.1493840810876353
59,4,2163.98,1,3,Regular Customers,0.6556440075808702,0.6656091666557703
90,2,1689.18,0,3,Regular Customers,-0.08307960741769582,0.64408376852314
67,8,6002.9,1,3,Regular Customers,1.6233349212662609,1.3412822942331997
33,1,671.69,0,2,Recent Customers,-0.5107347292453608,-0.4706673864315715
239,1,486.1,0,1,At Risk,-1.4103297764642522,0.6506491594517964
24,3,1174.58,1,3,Regular Customers,0.4986145856087022,-0.19713987037764638
115,1,185.9,0,1,At Risk,-1.5867901962691857,-0.1591228693848729
25,3,1013.26,1,3,Regular Customers,0.4136458718900896,-0.22603386722201874
128,6,3344.64,1,3,Regular Customers,0.8740721362719027,1.438092768337428
130,1,477.91,0,1,At Risk,-1.1870924328446797,0.26066227785339235
34,4,1775.18,1,3,Regular Customers,0.767682335184827,0.2518271074388248
5,2,1346.97,1,2,Recent Customers,0.8483404629886442,-1.1620471929342817
22,12,3722.82,1,0,Champions,2.143680920814877,0.6207836833173866
155,1,318.05,0,1,At Risk,-1.4463970265660882,0.22345769768486673
107,3,623.51,0,3,Regular Customers,-0.36027295507592816,0.500092966977637
3,1,314.44,0,2,Recent Customers,-0.052319372219401805,-2.1031499184857125
335,1,114.0,0,1,At Risk,-2.22332273999418,0.33820848747237514
331,1,919.98,0,1,At Risk,-1.2322642826664874,1.0883456547116919
149,2,2209.85,0,3,Regular Customers,-0.14666226626533496,1.058713737622187
11,5,601.98,1,2,Recent Customers,0.8293170391357669,-0.7504856300630178
17,5,4051.17,1,0,Champions,1.5777552131834496,0.2004075333946704
11,4,1643.18,1,3,Regular Customers,1.1399730017728036,-0.454889146835406
19,1,686.05,0,2,Recent Customers,-0.29802046038016616,-0.79935878427564
30,1,91.68,0,1,At Risk,-1.4152871641924025,-1.2511271134755462
11,1,245.1,0,2,Recent Customers,-0.5896869590718056,-1.4971067875117487
1,11,3849.78,1,0,Champions,3.020121488166067,-0.9459154693385012
8,9,4881.88,1,0,Champions,2.3931840044058754,0.02431534172673299
325,1,63.0,0,1,At Risk,-2.4896595493730156,0.10561330575228983
58,1,620.13,0,1,At Risk,-0.7590943671663869,-0.15029973630015783
12,4,3807.15,1,0,Champions,1.50764092016834,-0.09825137981071999
151,3,2744.0299999999997,0,3,Regular Customers,0.21120470644757708,1.2559736926679974
10,5,2996.05,1,0,Champions,1.6228635181316908,-0.22164376851939957
330,1,225.89999999999998,0,1,At Risk,-1.8953701890905972,0.5762089858085788
5,2,610.52,1,2,Recent Customers,0.47356441236831287,-1.4499169588748828
39,4,1970.6,1,3,Regular Customers,0.7661661591871121,0.37449324213578195
25,6,1331.39,1,3,Regular Customers,1.0493771117672372,0.08739063777062872
42,12,17628.46,1,0,Champions,2.6418896996900694,1.5837137308567704
59,4,1113.02,1,3,Regular Customers,0.3405979709765648,0.4236187068393514
1,4,862.81,1,2,Recent Customers,1.519234055004342,-1.8251677740687504
15,22,13787.54,1,0,Champions,3.419285108419994,1.0857449497373488
4,31,12279.82,1,0,Champions,4.1075224057029445,0.4325313391064774
4,15,8476.57,1,0,Champions,3.304591502544038,0.03240932918156311
8,7,2283.63,1,0,Champions,1.831134214413298,-0.3376659773966007
28,6,2863.08,1,3,Regular Customers,1.3705215807675108,0.4353316553954824
372,1,89.14,0,1,At Risk,-2.378718198394345,0.31572547889222535
114,1,4873.8099999999995,0,3,Regular Customers,-0.03713699836035106,1.0231543754770318
26,2,1247.61,0,3,Regular Customers,0.23748036758151367,-0.23644524558408678
206,1,389.01,0,1,At Risk,-1.459227969388879,0.4759157343646658
28,6,1035.8,1,3,Regular Customers,0.8887282601166357,0.0652607017741241
127,4,855.91,0,3,Regular Customers,-0.07325367669430013,0.8083765759717892
70,2,869.67,0,3,Regular Customers,-0.30279580221640834,0.2451671452836779
7,4,582.1,1,2,Recent Customers,0.8033320221364174,-1.0894761808753755
29,3,957.59,1,3,Regular Customers,0.33221502934855945,-0.1558768425079537
8,4,4939.99,1,0,Champions,1.7715916898468096,-0.23651842667412987
80,2,797.71,0,3,Regular Customers,-0.3940344817091565,0.2972822975683172
20,1,219.0,0,2,Recent Customers,-0.8566168470120828,-1.1831773490911017
71,1,283.55,0,1,At Risk,-1.2053018480962963,-0.30837424166824157
7,8,2340.84,1,0,Champions,1.9944315909290908,-0.3582707191173286
15,9,6868.29,1,0,Champions,2.3352374538930873,0.5133715538733407
292,1,603.42,0,1,At Risk,-1.3842285333197164,0.8557359684519005
30,10,2712.91,1,0,Champions,1.728492803771217,0.630888078263483
15,15,9706.52,1,0,Champions,2.924507384486809,0.8191136753510413
97,3,1149.02,0,3,Regular Customers,-0.03365273195989902,0.6608686058750368
29,13,4396.13,1,0,Champions,2.188045869583873,0.8781017144830615
1,1,848.55,1,2,Recent Customers,0.6822255425205859,-2.18172963956724
9,5,4708.86,1,0,Champions,1.8736042172088319,-0.11743314658896761
106,1,343.36,0,1,At Risk,-1.2661764630623917,0.012249921926643892
4,2,1053.49,1,2,Recent Customers,0.8015615830767912,-1.3670550129881058
151,2,1030.98,0,3,Regular Customers,-0.5129799793411519,0.7896239170746783
71,1,238.25,0,1,At Risk,-1.2875204005331233,-0.37152725106355566
5,2,644.95,1,2,Recent Customers,0.49953601774647105,-1.4299678720830855
3,25,5781.73,1,0,Champions,3.647761712898773,-0.06265865933568533
32,6,2656.13,1,3,Regular Customers,1.2856010113382,0.48992807230811486
85,4,997.63,0,3,Regular Customers,0.151230615718955,0.6120130643737648
4,5,725.07,1,2,Recent Customers,1.2518246230310888,-1.237821217684809
5,4,1031.41,1,2,Recent Customers,1.184107492888932,-1.0637810015833797
371,1,427.8,0,1,At Risk,-1.638187081188203,0.8820463503461609
28,7,2609.1,1,3,Regular Customers,1.4473194796646076,0.45259053234990787
11,7,3980.7,1,0,Champions,1.9846359158282294,0.04702324286061327
71,4,836.33,0,3,Regular Customers,0.13557434366087473,0.4352141444880845
114,1,453.01,0,1,At Risk,-1.16264819638396,0.1586363663825489
24,12,18895.91,1,0,Champions,2.8819757175019496,1.2652005294532451
180,1,236.26000000000002,0,1,At Risk,-1.6436183257474266,0.2098124523044545
234,1,383.95,0,1,At Risk,-1.5138827648417446,0.5515849855988143
353,1,110.39999999999999,0,1,At Risk,-2.258338016612189,0.3597074640474673
315,2,779.5699999999999,0,1,At Risk,-0.9249387261659245,1.1518877748709893
333,1,234.0,0,1,At Risk,-1.8821852725939352,0.5947036215677571
372,1,155.35,0,1,At Risk,-2.1175850533915686,0.5163048307661157
78,2,1013.04,0,3,Regular Customers,-0.27130324221257407,0.3683685341203634
64,1,427.6,0,1,At Risk,-0.9720102562917726,-0.2240288942089689
134,2,540.13,0,1,At Risk,-0.7737758071536471,0.4793142808910903
52,7,21279.29,1,0,Champions,2.2119407706658474,1.5990950596079792
2,11,4196.01,1,0,Champions,2.906057827976422,-0.6575198180197844
1,209,33053.19,1,0,Champions,6.62938933971429,0.9319257629120745
4,5,4090.88,1,0,Champions,2.0716933403890034,-0.6080706896636348
129,1,275.88,0,1,At Risk,-1.4439685696789062,0.056246595173297165
81,1,4366.78,0,3,Regular Customers,0.039984915788562454,0.7687498960632546
23,6,21429.39,1,0,Champions,2.397079498413502,1.0483483985191164
236,3,3010.74,0,3,Regular Customers,0.0854955179328001,1.5713262965407624
281,2,3811.95,0,3,Regular Customers,-0.12937966409355303,1.6574004270701672
87,1,112.07999999999998,0,1,At Risk,-1.7195147811606804,-0.5172545146430212
16,13,7834.650000000001,1,0,Champions,2.6789493716875254,0.7284486470228819
117,2,2791.59,0,3,Regular Customers,0.05575755649617326,0.9916757619093838
52,3,1531.44,1,3,Regular Customers,0.3372735863695758,0.3757601685760696
8,2,1898.52,1,2,Recent Customers,0.8560896531079305,-0.7800856996975772
138,2,494.08,0,1,At Risk,-0.8271013067110947,0.4654322768402187
317,1,1693.88,0,1,At Risk,-0.9266052601879265,1.28317215235233
4,7,6989.63,1,0,Champions,2.585947284509905,-0.30297111500398205
239,1,1143.6,0,1,At Risk,-1.0052392093479579,0.9618038518274006
211,1,1351.45,0,1,At Risk,-0.8787325484405247,0.9439344773666359
60,1,892.47,0,1,At Risk,-0.5994389583368404,0.0032480337951036695
17,5,1386.04,1,3,Regular Customers,1.0694222561202131,-0.19004881814506983
20,6,822.23,1,3,Regular Customers,0.9026589471831146,-0.22336382601286014
38,8,3981.36,1,0,Champions,1.6410479192387948,0.8393296493620542
64,2,826.74,0,3,Regular Customers,-0.2930433733837156,0.17077969027121842
5,5,2330.92,1,0,Champions,1.7354232438824573,-0.6972871643661991
2,6,2225.91,1,0,Champions,2.117841352680929,-1.0945137959539903
9,2,532.8199999999999,0,2,Recent Customers,0.21399753968229504,-1.1755776055097593
364,1,311.95,0,1,At Risk,-1.7802644102983642,0.7552986703819204
10,3,463.66,1,2,Recent Customers,0.3721111272957644,-1.0556473337433596
65,1,91.85,0,1,At Risk,-1.7030817224280201,-0.7714149042882256
192,1,324.92,0,1,At Risk,-1.517597790938527,0.3661399769072415
374,1,192.60000000000002,0,1,At Risk,-2.018302164744791,0.5975242700876288
257,1,400.53999999999996,0,1,At Risk,-1.5295450964152941,0.6261452869355246
335,2,545.48,0,1,At Risk,-1.1174306633124895,1.0609431905034645
53,2,860.41,0,3,Regular Customers,-0.20331442555724608,0.06776729971446768
19,1,430.48,0,2,Recent Customers,-0.5185909456440144,-0.9687814938143382
366,1,254.03,0,1,At Risk,-1.8793935788883709,0.6842239384342163
10,3,6977.04,1,0,Champions,1.6567016170756153,-0.06893870332164058
187,1,427.58,0,1,At Risk,-1.3777351541753475,0.44922869691879214
37,3,483.65000000000003,0,2,Recent Customers,-0.08147639719114537,-0.25442212977704093
178,1,489.31,0,1,At Risk,-1.295193226315334,0.4671377242651748
261,3,514.85,0,1,At Risk,-0.7894401162204931,0.9922772371082298
45,1,229.64000000000001,0,1,At Risk,-1.1337541157993718,-0.6688946455914146
102,1,125.92,0,1,At Risk,-1.7248915964785771,-0.37542641607128635
148,2,1063.46,0,3,Regular Customers,-0.4906718547775563,0.7882729900138632
96,2,572.2,0,1,At Risk,-0.620201518242732,0.2907271416767593
281,1,166.04,0,1,At Risk,-1.9793923000103653,0.3630982216225211
262,1,1542.08,0,1,At Risk,-0.8985555896401948,1.1286155622452048
3,4,942.34,1,2,Recent Customers,1.2962139607596557,-1.3536799946813165
214,1,92.72,0,1,At Risk,-2.149792849837236,-0.019350526196621816
71,2,948.88,0,3,Regular Customers,-0.2668525468827105,0.28574575265170105
75,5,1759.5,1,3,Regular Customers,0.6322579644453117,0.8098838138684947
60,1,397.12,0,1,At Risk,-0.9827270096511456,-0.29115989712003276
3,7,1474.72,1,0,Champions,1.9336744195589657,-1.0109221779580562
6,3,430.15000000000003,1,2,Recent Customers,0.5092780466750003,-1.3694375800622771
3,6,1018.71,1,0,Champions,1.6375860326669764,-1.1966205839261463
337,2,293.0,0,1,At Risk,-1.413635259186689,0.8389286508683856
38,6,6814.64,1,3,Regular Customers,1.6684285982596045,0.9389004083975111
262,1,215.05,0,1,At Risk,-1.8307576685202813,0.4125804959372765
32,2,383.03,0,2,Recent Customers,-0.3982359159661282,-0.5386536301250138
145,1,417.38,0,1,At Risk,-1.2925736897805802,0.2801745988549101
283,1,312.38,0,1,At Risk,-1.6837612286355557,0.5967295830059631
59,4,2610.36,1,3,Regular Customers,0.7445292251873945,0.7338829177282233
173,1,134.1,0,1,At Risk,-1.895568260268652,-0.02028957605893249
34,2,671.95,0,2,Recent Customers,-0.15473513889443566,-0.29705199200805066
3,14,5591.42,1,0,Champions,3.134179225701623,-0.2852499020207971
144,4,2726.77,1,3,Regular Customers,0.4281377937072306,1.3091452271724648
5,25,3991.58,1,0,Champions,3.317229495440326,0.05946502019794574
70,2,1118.99,0,3,Regular Customers,-0.18339774003058398,0.3368781608576544
66,8,1702.26,1,3,Regular Customers,1.031622168198811,0.8730421557917294
29,2,325.96000000000004,0,2,Recent Customers,-0.4381111083079763,-0.6576683944030386
267,4,354.09,0,1,At Risk,-0.7732465145054641,0.9559777490486511
22,1,843.64,0,2,Recent Customers,-0.25349449336133156,-0.6355492350384349
31,2,1010.29,0,3,Regular Customers,0.07262529681197596,-0.2055159409535922
97,1,131.81,0,1,At Risk,-1.6843738850973864,-0.39045078025387997
295,1,311.55,0,1,At Risk,-1.7008277853180938,0.6219992668837134
135,6,1957.1000000000001,1,3,Regular Customers,0.5998891566188357,1.2764933187654235
79,3,1316.25,0,3,Regular Customers,0.10824489386052487,0.58166400913694
373,1,38.1,0,1,At Risk,-2.775775375417732,0.013224199313214306
8,6,2170.78,1,0,Champions,1.6862875842710432,-0.40719386221231946
211,2,1106.4,0,3,Regular Customers,-0.6066280477916571,1.0262274180186621
52,1,521.2,0,1,At Risk,-0.800387915064507,-0.2814722378620132
138,1,147.12,0,1,At Risk,-1.766152754118556,-0.1291502328501859
26,2,1568.23,1,3,Regular Customers,0.34585057437141614,-0.1532048517224535
283,1,559.12,0,1,At Risk,-1.4084027207256598,0.8082355986400227
26,7,4009.34,1,0,Champions,1.6782605425020953,0.5637113221201607
186,6,1607.0600000000002,1,3,Regular Customers,0.38485736413471805,1.406643939718863
84,2,380.64,0,1,At Risk,-0.7626210324254661,0.05886711706229226
327,2,599.97,0,1,At Risk,-1.0631582382121414,1.080283525422963
282,1,374.0,0,1,At Risk,-1.597298357529403,0.6598716125309028
143,2,343.2300000000001,0,1,At Risk,-1.0129134266873325,0.35547992940816
58,2,2218.02,0,3,Regular Customers,0.21152821913918576,0.46853292584805306
4,12,1535.77,1,0,Champions,2.30697184242629,-0.6689834627905965
236,2,854.99,0,1,At Risk,-0.7713113563516623,1.0031079028817882
45,3,573.22,0,3,Regular Customers,-0.07404915295674601,-0.07154154702457165
276,1,298.0,0,1,At Risk,-1.6965002866693784,0.5638008687402449
9,2,1463.04,1,2,Recent Customers,0.6923713348490749,-0.8081332284775538
25,4,703.47,1,3,Regular Customers,0.4427448428287404,-0.27341816066908087
88,1,309.05,0,1,At Risk,-1.2455798542100291,-0.14274100744313278
63,3,1175.22,0,3,Regular Customers,0.1397917560241044,0.39896269056806233
68,2,1378.4,0,3,Regular Customers,-0.07370247925849745,0.39463874346315303
214,2,354.12,0,1,At Risk,-1.1512597552912138,0.620920516182029
24,1,376.71999999999997,0,2,Recent Customers,-0.6669262585914854,-0.8757867184892896
186,3,331.0,0,1,At Risk,-0.8695680536348815,0.6179933686958081
31,1,176.55,0,2,Recent Customers,-1.1191667834291876,-0.9942314180443699
42,2,372.8,0,2,Recent Customers,-0.5121500385865173,-0.38068895612488346
205,2,216.5,0,1,At Risk,-1.3673828495779872,0.41525856335755196
9,28,17654.54,1,0,Champions,3.9257906348415235,0.9664970794798434
265,1,138.68,0,1,At Risk,-2.041896078546018,0.26092096446442054
18,2,496.06,0,2,Recent Customers,-0.06501939493968434,-0.7946686252301793
12,5,2919.81,1,0,Champions,1.5468313897373775,-0.12512682179884776
176,2,750.0,0,1,At Risk,-0.7218468605709736,0.770398177549861
40,5,2178.67,1,3,Regular Customers,0.9692804103757199,0.4964282958595416
23,8,3075.04,1,0,Champions,1.7040690089230648,0.43749977787586247
3,5,1662.3,1,0,Champions,1.7300984508978956,-1.0773864504672952
5,5,2483.63,1,0,Champions,1.7654997809151596,-0.674185032675615
149,2,363.65,0,1,At Risk,-1.0011827338363017,0.40234680439915305
139,4,2944.95,1,3,Regular Customers,0.4780274177206212,1.3149239794407717
128,1,594.0,0,1,At Risk,-1.0783005687542615,0.32995930210178354
8,6,1335.19,1,0,Champions,1.4559784573550412,-0.5840969336587346
17,1,162.78,0,2,Recent Customers,-0.9376565518600792,-1.388376955174349
9,37,16587.09,1,0,Champions,4.140795254696931,1.0471749974203335
161,1,405.38,0,1,At Risk,-1.3460961565204594,0.3354985451483365
64,1,172.82,0,1,At Risk,-1.3999374509277478,-0.5527246610691405
88,4,933.7,0,3,Regular Customers,0.10676273446802527,0.6096548491807784
5,2,694.05,1,2,Recent Customers,0.5342734524753776,-1.403285651625734
35,5,2062.7000000000003,1,3,Regular Customers,0.9930369382927633,0.39407080817098544
312,1,117.85,0,1,At Risk,-2.180622063706986,0.3052506522794013
78,2,415.8,0,1,At Risk,-0.6928707489033106,0.044557716224302005
22,15,42055.96,1,0,Champions,3.4810490776054146,1.5831411768866264
24,3,607.53,0,2,Recent Customers,0.18639703856413115,-0.43695773505043645
2,7,2160.7,1,0,Champions,2.224576780049597,-1.0542595613728265
17,4,1063.9,1,3,Regular Customers,0.7791315136714959,-0.35604636433708153
15,4,1504.27,1,3,Regular Customers,0.988225552638158,-0.3046652862958898
26,1,114.14,0,2,Recent Customers,-1.259624113368866,-1.2596746655627538
64,8,11581.8,1,0,Champions,1.9521441360449439,1.5520018410479262
55,2,899.69,0,3,Regular Customers,-0.19606393361773278,0.10706212640211224
131,3,675.6,0,3,Regular Customers,-0.3989427764088326,0.6564827907505484
36,2,604.51,0,2,Recent Customers,-0.22603351651719186,-0.30028422666882504
288,1,462.95,0,1,At Risk,-1.5043882236568313,0.7506926177112523
144,6,1603.99,1,3,Regular Customers,0.48112196703258037,1.2446905984699863
16,7,2064.95,1,0,Champions,1.5404811278643396,0.028866106008244043
31,8,4167.22,1,0,Champions,1.7382453163015568,0.7305337997948067
2,3,1843.0,1,2,Recent Customers,1.522004229285428,-1.3772951743248336
9,6,1064.07,1,0,Champions,1.3082011206011115,-0.5999000124342593
6,4,1387.79,1,2,Recent Customers,1.265826903022782,-0.8580593061050832
10,1,329.85,0,2,Recent Customers,-0.41613328693584484,-1.4444884837440812
1,11,4757.16,1,0,Champions,3.1204458408363447,-0.8688551879423655
306,1,108.07,0,1,At Risk,-2.213945159076213,0.2617054755101289
10,8,4017.54,1,0,Champions,2.1288182299145793,0.04027219082041368
7,2,266.39,0,2,Recent Customers,-0.028569722052018548,-1.5688291141371769
8,8,1856.63,1,0,Champions,1.8396074639098792,-0.36796645780967174
89,1,769.8100000000001,0,1,At Risk,-0.818030613079747,0.196026041942217
10,1,160.18,0,2,Recent Customers,-0.7571191028082511,-1.7064035843535796
358,2,1660.9,0,3,Regular Customers,-0.6153583539325115,1.5079918431153527
112,1,135.95,0,1,At Risk,-1.724223320681876,-0.2889856688273824
7,4,405.47,1,2,Recent Customers,0.6322336654787944,-1.2208987832597218
4,86,11189.91,1,0,Champions,4.9684726590491,0.7812689680105894
198,1,144.8,0,1,At Risk,-1.9107109017415265,0.09257587746511255
212,1,738.6,0,1,At Risk,-1.1667131979653917,0.7270972723548013
156,1,39.239999999999995,0,1,At Risk,-2.4305705075366784,-0.5265715983702872
158,9,7374.900000000001,1,3,Regular Customers,1.4917890971033192,1.9950040999928995
30,2,372.21999999999997,0,2,Recent Customers,-0.38789164626488765,-0.5886865139718962
243,1,390.54,0,1,At Risk,-1.520190862003782,0.5815921010132524
19,1,97.5,0,2,Recent Customers,-1.2189967574751686,-1.506771199350589
1,2,1239.38,1,2,Recent Customers,1.228566968344525,-1.8887921837927866
74,2,558.7,0,1,At Risk,-0.5332438121078014,0.11898397436617247
292,1,505.82,0,1,At Risk,-1.4677336854507825,0.7915947071332663
3,15,6924.110000000001,1,0,Champions,3.2939244885604495,-0.18271694990924978
31,3,409.5,0,2,Recent Customers,-0.09456397164589836,-0.42384068271481823
23,2,503.76,0,2,Recent Customers,-0.1469709278697332,-0.6409731195989423
23,4,414.76,0,2,Recent Customers,0.22328095407651624,-0.516218719434975
4,3,974.4200000000001,1,2,Recent Customers,1.0249160999075646,-1.2853986116786584
85,1,211.32,0,1,At Risk,-1.4120152852757404,-0.3023800358098589
22,4,1226.89,1,3,Regular Customers,0.753022728818229,-0.14878579314717266
196,3,455.88,0,1,At Risk,-0.7380771428124036,0.7673035935561213
107,3,534.85,0,3,Regular Customers,-0.4328723688686288,0.44432852786436616
4,13,9785.970000000001,1,0,Champions,3.25186620167655,0.033640889780165134
318,1,120.94999999999999,0,1,At Risk,-2.1756664095618556,0.3266656426981375
106,3,149.05,0,1,At Risk,-1.0328647035693632,-0.02515903975393147
12,18,5655.91,1,0,Champions,2.903270869019172,0.5565410353954273
174,2,513.7,0,1,At Risk,-0.8966520659199609,0.6255900875770565
56,1,81.57,0,1,At Risk,-1.7027163652640203,-0.9070874290844217
323,1,229.46999999999997,0,1,At Risk,-1.879802845841362,0.5683444015595409
372,1,50.550000000000004,0,1,At Risk,-2.64368192295181,0.11220381510165892
9,8,1646.8400000000001,1,0,Champions,1.742538984324406,-0.3448194840937502
1,13,4810.9400000000005,1,0,Champions,3.265259943092451,-0.8057961097858659
11,10,3466.2799999999997,1,0,Champions,2.207198321047807,0.11845463155316587
53,5,3339.64,1,3,Regular Customers,1.0665327523120527,0.8265330343177878
73,3,789.89,0,3,Regular Customers,-0.10386090994307619,0.346445255034372
7,1,204.0,0,2,Recent Customers,-0.5214415842154578,-1.8206959872252055
16,28,7277.7,1,0,Champions,3.3029437230855887,0.980160908945046
4,9,2616.38,1,0,Champions,2.322052236032184,-0.5754074619421362
64,2,689.9,0,3,Regular Customers,-0.37872517945496875,0.10496651619493026
1,5,975.36,1,2,Recent Customers,1.7422835892877895,-1.7108189680351884
114,6,6912.0,1,3,Regular Customers,1.2620725261430132,1.6295857409864012
23,2,661.3199999999999,0,2,Recent Customers,-0.01815910043366657,-0.5420312833929604
31,3,1247.5,1,3,Regular Customers,0.43284977365033195,-0.018728159753498466
11,2,752.4399999999999,1,2,Recent Customers,0.3077406570016139,-0.934496018181617
52,2,1010.18,0,3,Regular Customers,-0.12016566924135591,0.11430060521458253
357,1,190.55,0,1,At Risk,-2.0056276462078237,0.5642369918784865
55,2,642.77,0,3,Regular Customers,-0.35529467169977536,-0.01524482257810124
74,2,921.88,0,3,Regular Customers,-0.29611942824460014,0.30112192253154524
138,3,881.07,0,3,Regular Customers,-0.29293951780644145,0.7858232945064209
80,3,908.46,0,3,Regular Customers,-0.07215164418334678,0.454619427595764
9,2,676.99,1,2,Recent Customers,0.3273557275684586,-1.0885058863851587
273,1,516.42,0,1,At Risk,-1.432308267340714,0.756631460232596
291,1,560.47,0,1,At Risk,-1.4178730250304514,0.8267228095927812
99,1,305.28000000000003,0,1,At Risk,-1.295896291318803,-0.07332166287267934
31,2,629.31,0,2,Recent Customers,-0.1515413503885821,-0.3777009035585993
32,10,3237.54,1,0,Champions,1.7884087127760797,0.73488860803009
14,4,1819.41,1,3,Regular Customers,1.1030111159655598,-0.27634716978871005
64,2,656.6800000000001,0,3,Regular Customers,-0.40208995547253146,0.08701976481554674
15,17,5836.86,1,0,Champions,2.789959220972855,0.6789568137212698
212,1,348.15000000000003,0,1,At Risk,-1.5226180921639312,0.45372265724675154
78,3,1214.41,0,3,Regular Customers,0.07489714949843675,0.5443842553223391
25,3,271.40000000000003,0,2,Recent Customers,-0.2096994084539316,-0.7048324981798882
250,1,183.4,0,1,At Risk,-1.8880253944646852,0.3252841064279254
254,1,307.53,0,1,At Risk,-1.650011566371478,0.5227672585260489
72,1,248.61,0,1,At Risk,-1.2726896504700493,-0.3473443049632382
191,1,346.98,0,1,At Risk,-1.4845594854646382,0.3866996481753821
13,4,1105.59,1,2,Recent Customers,0.8933417952967991,-0.5013773110679351
373,1,205.86,0,1,At Risk,-1.9858702563309005,0.6199593451968213
24,2,470.8,0,2,Recent Customers,-0.19458357827019468,-0.6396885445005485
82,1,115.46000000000001,0,1,At Risk,-1.6832043593455384,-0.5436106928835297
10,2,344.0,0,2,Recent Customers,-0.02938643410008878,-1.2741374426977146
1,24,4431.44,1,0,Champions,3.7509631265831316,-0.613923503288108
192,1,228.8,0,1,At Risk,-1.6832879361015602,0.23887148355555066
267,1,177.15,0,1,At Risk,-1.9294088239181482,0.3542702061011534
130,1,919.61,0,1,At Risk,-0.8772204876169226,0.4986784589744227
1,4,728.02,1,2,Recent Customers,1.4387927722515268,-1.886955642316163
3,26,12627.94,1,0,Champions,4.05228153630258,0.23626324698675116
4,5,220.10000000000002,1,2,Recent Customers,0.688038803000668,-1.6708715467657427
179,1,58.08,0,1,At Risk,-2.3007034527707932,-0.30003984277955603
12,11,28337.38,1,0,Champions,3.251483478564401,0.9676175321427325
126,9,3613.63,1,3,Regular Customers,1.2394493618728386,1.5927869932474605
4,2,303.75,0,2,Recent Customers,0.2129824499054528,-1.8191493691325469
158,2,416.08000000000004,0,1,At Risk,-0.9597432539048495,0.4882127844087037
3,97,58762.08,1,0,Champions,5.947790448456743,1.2893535763034858
9,14,8910.82,1,0,Champions,3.0050985435955995,0.465326636788132
28,1,345.82,0,2,Recent Customers,-0.7640902852189113,-0.8127817922824315
71,5,477.83,0,3,Regular Customers,0.03555743631818326,0.3014119259824753
276,8,7832.47,1,3,Regular Customers,1.2129386166178864,2.3285284687478214
21,12,1927.3200000000002,1,0,Champions,1.848619221614113,0.3529209495635133
71,1,74.39999999999999,0,1,At Risk,-1.8350286566572869,-0.792074597352442
33,10,6003.22,1,0,Champions,2.069720106814817,0.9786513360397797
1,28,28882.44,1,0,Champions,4.7739809857896764,0.12548483088227017
99,1,207.35999999999999,0,1,At Risk,-1.478556357867217,-0.2136249467056564
234,1,101.19,0,1,At Risk,-2.142745624072712,0.06854823926480264
1,24,6424.09,1,0,Champions,3.926998316604397,-0.478708862798533
40,1,243.94,0,1,At Risk,-1.0612749252858464,-0.7199324302786739
3,6,1098.48,1,0,Champions,1.673298987265685,-1.1691890555124154
133,1,76.5,0,1,At Risk,-2.059290395393857,-0.3882853742912451
44,4,1531.6200000000001,1,3,Regular Customers,0.6017492757426952,0.3574291976451404
373,1,350.06,0,1,At Risk,-1.7350823101242576,0.8125924316913666
60,2,786.54,0,3,Regular Customers,-0.2923871816682187,0.11238437639721832
31,7,1488.67,1,3,Regular Customers,1.1437930496441042,0.31073710287492334
1,24,12245.960000000001,1,0,Champions,4.2328604700309675,-0.243772648568043
12,4,2294.78,1,3,Regular Customers,1.2676846125763737,-0.2825645609441863
138,1,501.14,0,1,At Risk,-1.1872769959296245,0.31549085011845884
22,8,984.91,1,3,Regular Customers,1.180816730433886,-0.0038840575762795113
20,5,1197.81,1,3,Regular Customers,0.9413849332999525,-0.14544366551955004
239,1,30.599999999999998,0,1,At Risk,-2.7072933183482424,-0.3455633536414376
269,1,283.73,0,1,At Risk,-1.7099100937499285,0.5297645373142962
94,2,922.39,0,3,Regular Customers,-0.3861575148817679,0.4511784630724846
90,3,3756.33,1,3,Regular Customers,0.556023007823392,1.045081033747264
5,8,2099.64,1,0,Champions,2.0527872841266306,-0.5802298543039219
78,1,259.17,0,1,At Risk,-1.2832161629714103,-0.28217970562411065
94,1,64.0,0,1,At Risk,-2.011296788618505,-0.6703959439208425
23,3,1073.3,1,3,Regular Customers,0.47149071451158664,-0.25583042143184503
262,1,77.3,0,1,At Risk,-2.312007665851446,0.042926875164739066
274,2,109.8,0,1,At Risk,-1.7975448196745953,0.352753795672591
86,4,1793.58,1,3,Regular Customers,0.4247368688079878,0.8328173043256886
197,1,3096.0,0,3,Regular Customers,-0.4597892009960194,1.2023735982033208
56,5,2607.61,1,3,Regular Customers,0.9285992258046126,0.7707241123452075
11,8,3603.29,1,0,Champions,2.043994848968479,0.055808637374673495
22,6,962.39,1,3,Regular Customers,0.942455920728332,-0.10843237187473433
16,7,5064.94,1,0,Champions,1.9657747377125832,0.3555389863067632
108,3,422.47,0,1,At Risk,-0.5479958642224901,0.3644479479268899
85,5,2388.75,1,3,Regular Customers,0.7299353033384272,0.9995446567058276
19,1,307.09,0,2,Recent Customers,-0.6783003886321398,-1.091456141501661
333,1,110.95,0,1,At Risk,-2.233787347758908,0.32463405091499625
40,4,618.52,0,3,Regular Customers,0.20782474973283055,-0.03147640660746815
26,1,228.91,0,2,Recent Customers,-0.9317269818121067,-1.0078131329018454
10,4,712.8000000000001,1,2,Recent Customers,0.777578503206191,-0.8139387556813452
29,12,3683.26,1,0,Champions,2.037118703488708,0.7853326332930646
14,4,1676.06,1,3,Regular Customers,1.064121118814385,-0.306219020881673
296,1,1257.8700000000001,0,1,At Risk,-1.0415200989244295,1.1315487015625025
6,1,486.22,0,2,Recent Customers,-0.05995364751490365,-1.5900525577874116
33,4,971.76,1,3,Regular Customers,0.4932745729557155,0.014169693473621955
49,4,1741.22,1,3,Regular Customers,0.622279727099279,0.47090525367334146
95,4,1201.06,0,3,Regular Customers,0.1971225807751341,0.749272858335277
9,4,1429.35,1,2,Recent Customers,1.1435588822722422,-0.6212112190479391
22,1,91.8,0,2,Recent Customers,-1.300649909757292,-1.4398812731246085
313,1,112.75,0,1,At Risk,-2.202636612296944,0.2912990920595907
122,4,1688.29,0,3,Regular Customers,0.2637913178852849,1.0303134671028547
46,2,1021.48,0,3,Regular Customers,-0.06900145193628747,0.0421842466751878
283,1,417.2,0,1,At Risk,-1.5469468306681808,0.7018182850587827
19,4,791.33,1,2,Recent Customers,0.5986960255349872,-0.39693454227781366
36,4,1299.59,1,3,Regular Customers,0.5986856135741253,0.17355165865045993
64,2,712.88,0,3,Regular Customers,-0.363210911278323,0.11688320281713689
27,1,108.81,0,2,Recent Customers,-1.2959901170095325,-1.2538821674071305
22,3,468.41,0,2,Recent Customers,0.09517226566707741,-0.5843527037549764
4,2,353.65,1,2,Recent Customers,0.28488321833552577,-1.7639215675036677
16,3,2742.82,1,3,Regular Customers,1.0478261405621616,-0.13292942834054824
46,1,481.49,0,1,At Risk,-0.7919942096703511,-0.3864411152125076
65,1,282.45,0,1,At Risk,-1.1739001961696036,-0.3649445285746383
26,11,5725.47,1,0,Champions,2.214055323172795,0.8485477792670441
45,1,121.18,0,1,At Risk,-1.4350148653177572,-0.9002964689133743
8,9,3957.78,1,0,Champions,2.293706494027566,-0.052094470430576065
15,10,1668.95,1,0,Champions,1.7508973219234278,0.034747431111573336
268,1,71.4,0,1,At Risk,-2.357770492109937,0.028694547509900043
40,3,1575.89,1,3,Regular Customers,0.4488977351158921,0.2234300529473619
337,1,236.02,0,1,At Risk,-1.8826746186388288,0.6053677953765314
11,1,114.60000000000001,0,2,Recent Customers,-0.9479598482162428,-1.7723002865898274
19,2,260.68,0,2,Recent Customers,-0.38882601832027197,-0.9958212055272812
95,2,911.94,0,3,Regular Customers,-0.3955541412340197,0.4536713975272207
61,1,112.08,0,1,At Risk,-1.5857381525356897,-0.7392604032933237
136,1,60.7,0,1,At Risk,-2.175852886331773,-0.4572857174716898
11,4,1797.78,1,3,Regular Customers,1.182583881363143,-0.42215924343338557
10,6,3401.2400000000002,1,0,Champions,1.8224740127422607,-0.11649495539888863
4,38,9817.12,1,0,Champions,4.180406895977293,0.4266913797090464
19,4,870.09,1,3,Regular Customers,0.6436304815320435,-0.3624198732931485
10,4,869.46,1,2,Recent Customers,0.87165997337936,-0.7416737036502202
15,2,250.26000000000002,0,2,Recent Customers,-0.322852522987208,-1.152079033867211
59,6,1217.65,1,3,Regular Customers,0.687622835827218,0.5850200924320661
30,8,5891.61,1,0,Champions,1.914530621950009,0.8364983088810806
94,1,353.48,0,1,At Risk,-1.2070034721854497,-0.05260905928416153
10,3,1095.42,1,2,Recent Customers,0.7791735088383958,-0.7429780681807858
20,3,786.83,1,2,Recent Customers,0.37544377497970866,-0.4534358997326759
57,5,1520.58,1,3,Regular Customers,0.6663534104343359,0.5854183890307221
268,1,333.74,0,1,At Risk,-1.6317682457401745,0.586345166830121
122,3,533.98,0,3,Regular Customers,-0.4833228633464225,0.526182074884487
127,1,62.63999999999999,0,1,At Risk,-2.1352168321660785,-0.4890869447449143
78,4,819.2900000000001,0,3,Regular Customers,0.09038311593577264,0.48654365760221724
240,2,847.41,0,1,At Risk,-0.7819222416181005,1.0104784739441515
200,2,163.20000000000002,0,1,At Risk,-1.491288278539106,0.29729915749569247
60,2,2155.95,0,3,Regular Customers,0.18534175703057876,0.4793334318094963
3,7,6463.84,1,0,Champions,2.6341123059540603,-0.47290783558282096
273,1,108.21000000000001,0,1,At Risk,-2.1698962572415024,0.19008169895011845
202,1,257.7,0,1,At Risk,-1.6464165305130662,0.3140387968754665
81,1,358.0,0,1,At Risk,-1.144781776150068,-0.14128293484488927
226,1,160.95,0,1,At Risk,-1.9111881951672114,0.2142908167798082
4,14,2755.63,1,0,Champions,2.7135196797530483,-0.40143048110866647
13,7,1328.35,1,0,Champions,1.4055931194266245,-0.25479406107931474
74,2,605.12,0,1,At Risk,-0.4954644910184562,0.148002702487629
212,1,1031.07,0,1,At Risk,-1.0087187461128957,0.8484546157587083
25,2,744.85,0,2,Recent Customers,0.007582896287273353,-0.4480307229842475
17,4,700.73,1,2,Recent Customers,0.5813671748558545,-0.5079514122504286
262,1,329.56,0,1,At Risk,-1.6291095873395824,0.5674686907292787
96,4,663.65,0,3,Regular Customers,-0.08778806131700091,0.5400397001238807
112,3,270.40000000000003,0,1,At Risk,-0.7727096052909214,0.22526449658996275
203,1,585.12,0,1,At Risk,-1.2605029627888344,0.6150204429128244
93,1,121.74000000000001,0,1,At Risk,-1.705842751335989,-0.44558655834558886
51,1,430.5,0,1,At Risk,-0.8835724317209355,-0.36303161462781725
18,6,1961.52,1,3,Regular Customers,1.35281280256945,0.02959180539679083
18,4,501.12,1,2,Recent Customers,0.4020091964865408,-0.5955789289329888
125,2,465.68,0,1,At Risk,-0.8176031576442706,0.3816692514921135
92,3,711.41,0,3,Regular Customers,-0.2407123657130992,0.4532601314699339
157,2,1030.4,0,3,Regular Customers,-0.5280354085287259,0.8139616858214176
9,2,399.51,0,2,Recent Customers,0.07776317944347494,-1.280220773956898
12,3,672.83,1,2,Recent Customers,0.4845270972152321,-0.8143812498681066
62,1,283.18,0,1,At Risk,-1.1549100678588082,-0.3934984663914411
61,1,557.62,0,1,At Risk,-0.8283344269493417,-0.15748994905487648
269,2,944.1,0,1,At Risk,-0.7741527142724207,1.1218168357961176
263,1,200.29,0,1,At Risk,-1.8657601465184723,0.3892140628594988
1,35,7436.93,1,0,Champions,4.3263574433752865,-0.28591273398420086
53,5,2092.66,1,3,Regular Customers,0.8449841957769837,0.6563590570621329
11,12,3834.2599999999998,1,0,Champions,2.4061855943825377,0.21909224306771866
3,19,4521.49,1,0,Champions,3.293804858451375,-0.25254438461573403
18,11,3174.75,1,0,Champions,2.068747615460205,0.41106541268882735
1,15,5343.28,1,0,Champions,3.435838769260847,-0.7165030312366578
366,1,590.0,0,1,At Risk,-1.4808967313741237,0.9903139194565271
37,1,211.49,0,1,At Risk,-1.0996346682205753,-0.8198627397308182
31,2,276.56,0,2,Recent Customers,-0.5404317132099934,-0.6764120339434125
113,1,138.98,0,1,At Risk,-1.7172127047988215,-0.2754301715192015
64,2,590.9300000000001,0,3,Regular Customers,-0.4520328108412138,0.04865808705734706
16,4,258.4,0,2,Recent Customers,0.13133265823062729,-0.9066340876368362
41,1,542.73,0,2,Recent Customers,-0.692369761763334,-0.4142252249763947
78,1,137.75,0,1,At Risk,-1.581299513003532,-0.5111409321019109
122,3,798.46,0,3,Regular Customers,-0.29285119142570987,0.6724855420440718
18,3,1132.14,1,2,Recent Customers,0.5860146381442821,-0.384506701655865
60,2,93.66,0,1,At Risk,-1.296943882904795,-0.6592271019253184
331,1,201.19,0,1,At Risk,-1.9511933890765993,0.53612799499836
23,4,2709.12,1,3,Regular Customers,1.1121519416938517,0.16653324065762154
156,1,361.11,0,1,At Risk,-1.3888097267869235,0.2736167584474657
39,2,578.9399999999999,0,2,Recent Customers,-0.2762727884410986,-0.2665757222749658
190,2,873.74,0,1,At Risk,-0.6786072576532164,0.874204541765724
360,1,201.20000000000002,0,1,At Risk,-1.9831595933738553,0.5892336940211976
137,1,87.4,0,1,At Risk,-2.0081303984015655,-0.3217117438259608
8,4,2089.85,1,0,Champions,1.3638202638172492,-0.5497323174072712
1,1,360.0,1,2,Recent Customers,0.2764295409712172,-2.4934261841898047
268,1,142.5,0,1,At Risk,-2.0333870490423016,0.27785717590177084
169,1,371.89,0,1,At Risk,-1.4052891127314033,0.33473211910877293
104,4,618.09,0,3,Regular Customers,-0.15173091529852495,0.5644165996703339
155,1,63.75,0,1,At Risk,-2.2025870115478687,-0.3573804685293823
351,1,300.42,0,1,At Risk,-1.7842100298184729,0.7186364489189058
4,10,2000.86,1,0,Champions,2.2811749800656895,-0.6365915411005671
120,1,15.0,0,1,At Risk,-2.768377895089255,-1.0275792574190703
23,3,1385.51,1,3,Regular Customers,0.5924575233461964,-0.1629144336355014
7,5,1456.79,1,0,Champions,1.402785033344173,-0.6860075641653337
28,3,1132.03,1,3,Regular Customers,0.4244381345867196,-0.1164779247371089
4,2,598.57,1,2,Recent Customers,0.5338534564404863,-1.572684683367607
22,5,1555.32,1,3,Regular Customers,1.030385965554189,0.007281988222440495
2,3,775.94,1,2,Recent Customers,1.1121776979909768,-1.6920876148895563
37,4,5732.93,1,3,Regular Customers,1.2919475949441022,0.7307849831888984
66,6,2273.68,1,3,Regular Customers,0.941388541183438,0.8822720227294633
1,3,640.76,1,2,Recent Customers,1.1764303288339233,-2.018743686893
5,26,10845.550000000001,1,0,Champions,3.8252547758109996,0.43789065046781217
78,4,1532.2,1,3,Regular Customers,0.3869457952053679,0.714336839495107
72,2,567.36,0,1,At Risk,-0.5156386838015539,0.10744155628956553
17,1,199.48000000000002,0,2,Recent Customers,-0.841786836802311,-1.31473833181837
3,5,787.85,1,2,Recent Customers,1.3763866205767405,-1.3490765481574614
36,10,7121.95,1,0,Champions,2.1184332925582283,1.0944830311681863
82,1,675.3,0,1,At Risk,-0.8491225797267968,0.09705705063087311
39,8,3627.77,1,0,Champions,1.5872891752759304,0.8215154871325617
316,1,1308.48,0,1,At Risk,-1.047725634670351,1.187217410016023
32,2,789.0,0,2,Recent Customers,-0.05622169302427528,-0.27594859829690294
93,3,1140.93,0,3,Regular Customers,-0.021081155882673886,0.6318796804057197
14,1,350.9,0,2,Recent Customers,-0.5053650135438966,-1.2254053140643624
82,3,3502.32,1,3,Regular Customers,0.5579843356126338,0.9612535576466599
77,1,795.12,0,1,At Risk,-0.7480473501530437,0.11707600054831864
158,1,487.02,0,1,At Risk,-1.252153228513286,0.3903229772376485
201,1,860.12,0,1,At Risk,-1.0743273422319783,0.7488875080708605
45,7,10736.48,1,0,Champions,1.9417092054502736,1.260167086673973
261,1,775.85,0,1,At Risk,-1.2225078250818215,0.8762513720577089
178,1,353.43,0,1,At Risk,-1.4490694973477958,0.3489436025954263
68,3,2511.69,1,3,Regular Customers,0.4709633811724416,0.7230980584676995
288,1,389.5,0,1,At Risk,-1.5861083740228983,0.6879224366402578
70,1,341.36,0,1,At Risk,-1.112262244982754,-0.2498796419567341
64,1,233.76,0,1,At Risk,-1.2574331106912673,-0.44326544935725426
11,1,247.32,0,2,Recent Customers,-0.5854289095802605,-1.4938361310531365
16,2,979.12,1,2,Recent Customers,0.2994032584267286,-0.617896839446059
66,1,373.94,0,1,At Risk,-1.0470089716467417,-0.25353250992953436
60,1,397.97999999999996,0,1,At Risk,-0.9817038659079436,-0.2903740087224374
71,1,743.53,0,1,At Risk,-0.7492380920273138,0.04193353946201618
122,1,674.7,0,1,At Risk,-0.9997999538779828,0.34608851090038506
80,1,768.24,0,1,At Risk,-0.778749860180484,0.12849165518892613
257,1,609.4,0,1,At Risk,-1.330965275101447,0.778676716271854
269,1,439.03,0,1,At Risk,-1.5035094470683388,0.6883032319610631
64,1,439.56,0,1,At Risk,-0.9589602805654873,-0.21400505877007636
9,4,3090.7400000000002,1,0,Champions,1.5090450375790312,-0.3404771278258682
18,2,992.5,0,2,Recent Customers,0.2633443863349778,-0.5424486535899216
71,1,134.95999999999998,0,1,At Risk,-1.5554886111756427,-0.5773566949394418
34,2,2225.37,1,3,Regular Customers,0.41257145767564896,0.1387026857545147
50,1,56.160000000000004,0,1,At Risk,-1.834619047093101,-1.1115488033077954
257,2,623.4,0,1,At Risk,-0.9533234455473931,0.9420340849193335
366,1,308.28000000000003,0,1,At Risk,-1.7879451734002352,0.7544665034005134
372,1,754.87,0,1,At Risk,-1.3704238484331122,1.0902078878992445
90,1,378.64,0,1,At Risk,-1.1580573551226907,-0.05490528525421001
61,3,3312.25,1,3,Regular Customers,0.642966417284254,0.7560146480989633
89,1,778.65,0,1,At Risk,-0.8126237266588464,0.20017913317063402
99,3,1019.76,0,3,Regular Customers,-0.09790458717800539,0.6302510614794876
26,3,572.56,0,2,Recent Customers,0.1289358127326428,-0.40972431286228705
32,6,3639.31,1,3,Regular Customers,1.4348757311920952,0.6045876899492707
281,1,222.99,0,1,At Risk,-1.8402901830314842,0.46994414678308766
31,7,4151.93,1,0,Champions,1.629925536258063,0.684141019443361
330,1,534.57,0,1,At Risk,-1.4881548648410525,0.8889957284115574
131,2,677.1,0,1,At Risk,-0.6582050253820246,0.5472452501708985
11,3,797.96,1,2,Recent Customers,0.5958676039411401,-0.8030871733423668
75,1,544.08,0,1,At Risk,-0.9177431210705062,-0.037357702858549606
204,1,59.8,0,1,At Risk,-2.3367764888567284,-0.2071428057198908
2,8,2520.02,1,0,Champions,2.4040643011552874,-0.9532020260879062
185,1,307.72,0,1,At Risk,-1.5291928453983399,0.3229740064428395
29,2,1360.99,0,3,Regular Customers,0.2384445337982002,-0.13799827669799702
73,5,1544.13,1,3,Regular Customers,0.5805727125880736,0.7454529046713458
192,1,457.34,0,1,At Risk,-1.3559300367125584,0.4903188258281909
127,2,621.23,0,1,At Risk,-0.6872205649135416,0.4964218952779103
18,1,75.0,0,2,Recent Customers,-1.322362362027686,-1.6337344873644095
1,2,252.49,1,2,Recent Customers,0.4756796859285423,-2.4670935064360178
74,3,572.451,0,3,Regular Customers,-0.2614230410290565,0.23786785924424111
2,62,28117.04,1,0,Champions,5.308386020532746,0.6695159636693964
24,5,1003.06,1,3,Regular Customers,0.7907251197489712,-0.0994800668510127
107,1,213.55,0,1,At Risk,-1.4940742004608913,-0.1541743326893714
134,3,1390.5,0,3,Regular Customers,-0.06563402372806786,0.9333413199044074
44,2,712.5,0,3,Regular Customers,-0.2229932410002753,-0.11642465122844968
5,2,640.83,1,2,Recent Customers,0.49650207162568405,-1.4322982807584042
12,18,6127.43,1,0,Champions,2.941232139042956,0.5856995205720195
64,1,221.06,0,1,At Risk,-1.2838037936994167,-0.4635210722357294
150,2,159.85,0,1,At Risk,-1.391801014234549,0.10847027687298014
40,2,1833.71,0,3,Regular Customers,0.26038772908304775,0.16853811844712457
64,1,2626.3,0,3,Regular Customers,-0.11227713478079128,0.4363419380549924
108,3,1624.21,0,3,Regular Customers,0.08970051959144565,0.8542698254076778
1,10,3641.32,1,0,Champions,2.914999218509697,-0.9994687880723043
19,3,582.6,0,2,Recent Customers,0.25180331465513106,-0.5936512509701348
10,1,201.78,0,2,Recent Customers,-0.6482530364538613,-1.622782315095741
11,4,1006.8,1,2,Recent Customers,0.9078871119433591,-0.6331569701734587
19,2,679.45,0,2,Recent Customers,0.0642921881177851,-0.6477759347186338
67,2,1269.1,0,3,Regular Customers,-0.10726872353206579,0.35531788850917895
74,2,534.24,0,1,At Risk,-0.5544317763743063,0.10270925696077561
5,7,3809.8900000000003,1,0,Champions,2.2286268795091906,-0.4083565721406253
2,1,196.89,0,2,Recent Customers,-0.1635038235512979,-2.455334775519904
14,7,3408.06,1,0,Champions,1.8257723147795093,0.13193111981943695
255,1,283.71,0,1,At Risk,-1.6896041023395874,0.4959853453042353
92,1,296.64,0,1,At Risk,-1.2817423994134578,-0.12974854067947
23,3,1129.14,1,3,Regular Customers,0.49551723507308665,-0.23737537650846258
17,6,3534.69,1,0,Champions,1.6525918452946398,0.2097161173069688
24,1,291.88,0,2,Recent Customers,-0.7875467915362084,-0.9684367278187392
27,6,2043.7199999999998,1,3,Regular Customers,1.2241424575499749,0.2903541407323697
26,5,2898.2599999999998,1,3,Regular Customers,1.2641224891993128,0.3355119069265228
259,2,590.0,0,1,At Risk,-0.9823400347740407,0.9269071732375458
166,2,356.97999999999996,0,1,At Risk,-1.0509467977949214,0.46368169376841184
25,2,1058.34,0,2,Recent Customers,0.17395310238500614,-0.3202398670595659
18,6,1766.72,1,3,Regular Customers,1.3032451584061482,-0.008481668348125656
7,14,9646.57,1,0,Champions,3.127952549784434,0.35275937864213447
29,2,183.44,0,2,Recent Customers,-0.7095716294118292,-0.8661803218405931
39,3,1445.0,1,3,Regular Customers,0.4172430586988029,0.17621696798994232
253,1,151.5,0,1,At Risk,-1.9826264322083536,0.26363815271422364
58,1,674.68,0,1,At Risk,-0.7191803356292882,-0.11964131269674987
184,1,307.9,0,1,At Risk,-1.5268571749162432,0.3197688424025516
11,2,1071.91,1,2,Recent Customers,0.4753453894777907,-0.8057569084423655
2,37,5704.97,1,0,Champions,4.094704938207633,-0.1047351963611323
99,2,165.0,0,1,At Risk,-1.2194326847219015,-0.14130272795268894
1,4,2501.84,1,0,Champions,2.023654265661179,-1.4377168477431634
61,2,422.64,0,1,At Risk,-0.592589398643405,-0.10312513448176742
236,1,226.84,0,1,At Risk,-1.7658003395970387,0.3659431885932795
191,4,1431.78,0,3,Regular Customers,0.015593909410398477,1.2526306736367563
179,2,1238.47,0,3,Regular Customers,-0.49069932883896245,0.9635313675533143
38,6,1454.58,1,3,Regular Customers,0.9364198853935067,0.376636153543301
201,2,300.95,0,1,At Risk,-1.204339751856034,0.5223098561398706
46,5,1804.56,1,3,Regular Customers,0.8278240586062109,0.5144277771878244
232,1,184.64,0,1,At Risk,-1.8564214175010165,0.28055099173265624
66,1,140.34,0,1,At Risk,-1.509594033848926,-0.6088493808004105
241,1,313.8,0,1,At Risk,-1.6204839410827157,0.4969232638163135
233,1,454.24,0,1,At Risk,-1.4327325294110365,0.6099628058324864
78,3,1122.41,0,3,Regular Customers,0.03757505403836379,0.5157167274300936
58,3,575.4,0,3,Regular Customers,-0.1673302444524431,0.08762265718580853
17,13,8968.31,1,0,Champions,2.72118520210266,0.8138964928200598
105,4,449.52,0,3,Regular Customers,-0.3060612611766424,0.45466383880415945
52,10,1215.82,1,3,Regular Customers,1.1432818310158044,0.6787245823331617
136,3,1269.84,0,3,Regular Customers,-0.11425964464522391,0.9096292136937109
275,2,618.63,0,1,At Risk,-0.9827220192790407,0.9819945732291706
312,1,316.26000000000005,0,1,At Risk,-1.7150679554362906,0.6628480813540217
8,5,2044.8700000000001,1,0,Champions,1.51848419645076,-0.48791127324133626
11,2,653.33,0,2,Recent Customers,0.24086690673751548,-0.9858625097283207
283,2,348.05,0,1,At Risk,-1.265758349480936,0.7910887349381551
18,5,1159.11,1,3,Regular Customers,0.964057403857428,-0.22084136936427323
23,3,1166.77,1,3,Regular Customers,0.5110479293536836,-0.22544607280815848
288,1,1340.32,0,1,At Risk,-1.0010091798870504,1.1373438118565524
17,3,292.0,0,2,Recent Customers,-0.03466284598954324,-0.9113955633644948
71,1,216.85,0,1,At Risk,-1.3319498564165801,-0.40565402369182
64,1,295.93,0,1,At Risk,-1.146038462608352,-0.3577019475870991
73,4,4393.63,1,3,Regular Customers,0.9112201460418751,1.056405065016812
316,2,458.52,0,1,At Risk,-1.1773731804641865,0.960920014161247
3,4,2479.16,1,0,Champions,1.7545571828652133,-1.0016213296476386
244,1,110.97,0,1,At Risk,-2.115328042876572,0.1282532932737938
9,7,979.72,1,0,Champions,1.3899064531915715,-0.5788716795972096
1,4,1791.56,1,0,Champions,1.8653899966812937,-1.5592814407650217
261,1,251.21,0,1,At Risk,-1.7559258149726313,0.4665269202305217
127,1,205.1,0,1,At Risk,-1.5780274911170746,-0.0611034465280912
74,1,152.20000000000002,0,1,At Risk,-1.5144761659908454,-0.5079981714647751
73,4,891.12,0,3,Regular Customers,0.15516110500419117,0.475667478341933
21,3,1389.41,1,3,Regular Customers,0.6270275365357492,-0.21705106606038765
60,3,2128.42,1,3,Regular Customers,0.4395632434254591,0.5846991050668374
86,1,627.16,0,1,At Risk,-0.9021148001831417,0.1000013143227627
78,1,122.75,0,1,At Risk,-1.63554781700699,-0.5528096741421281
59,6,3624.35,1,3,Regular Customers,1.2045506147518554,0.9820782248311952
1,3,1071.73,1,2,Recent Customers,1.4200266462169138,-1.8316345726554062
30,1,125.80000000000001,0,2,Recent Customers,-1.2666591486500818,-1.136964236804091
33,5,3964.88,1,3,Regular Customers,1.3246026862512543,0.5957442250492978
41,5,680.1800000000001,1,3,Regular Customers,0.4085838297237524,0.08809778164761434
15,2,628.78,0,2,Recent Customers,0.11284062393834808,-0.8174181503348104
34,7,2242.36,1,3,Regular Customers,1.3036902112657591,0.5166580363770507
79,2,307.76,0,1,At Risk,-0.8399425024181577,-0.05674480740115008
205,2,483.8,0,1,At Risk,-0.9873293483719924,0.7071819993828437
34,1,210.31,0,2,Recent Customers,-1.0708602989731926,-0.8740245584902991
183,3,269.09,0,1,At Risk,-0.9612461509302884,0.5325764265894886
2,25,5870.08,1,0,Champions,3.764845175043988,-0.23950832428479107
1,7,3444.39,1,0,Champions,2.6004875362516393,-1.1415274668909532
43,7,1280.85,1,3,Regular Customers,0.9509023587024948,0.45789455686414265
86,3,631.34,0,3,Regular Customers,-0.2717682371995065,0.3675593209474806
40,2,276.06,0,2,Recent Customers,-0.6359595527696217,-0.519956468657167
12,3,621.09,1,2,Recent Customers,0.4466453507478488,-0.8434786520925465
96,2,678.16,0,1,At Risk,-0.5397742829387172,0.35250421991826947
26,7,918.2,1,3,Regular Customers,0.9797689123696941,0.02719192141442311
319,1,91.80000000000001,0,1,At Risk,-2.3063844814277834,0.22916211378825546
66,12,3740.07,1,0,Champions,1.73744064410182,1.300270146892597
74,4,4098.88,1,3,Regular Customers,0.8731740278321471,1.0396292840734496
28,2,584.06,0,2,Recent Customers,-0.14926077454070136,-0.46723785612032886
6,4,594.52,1,2,Recent Customers,0.8643341804909352,-1.1664504529534285
7,1,171.42000000000002,0,2,Recent Customers,-0.6035068249200709,-1.8837312361275655
216,1,141.85999999999999,0,1,At Risk,-1.9534479506374351,0.14005089638665635
82,3,1799.33,0,3,Regular Customers,0.24231948806623704,0.7187877820762953
84,2,777.53,0,3,Regular Customers,-0.4245814187553079,0.31851920610269224
144,3,1724.67,0,3,Regular Customers,0.009122755554689397,1.0570305349731555
19,2,240.22,0,2,Recent Customers,-0.42742844629278504,-1.0254721714489103
41,2,856.84,0,3,Regular Customers,-0.10928197426154204,-0.09306246900502825
173,1,187.05,0,1,At Risk,-1.7387685067581167,0.10015010590022486
17,2,338.62,0,2,Recent Customers,-0.22496380466879162,-0.967663149052362
243,1,239.49,0,1,At Risk,-1.7512986306889236,0.4040755837002405
13,12,2088.94,1,0,Champions,2.0594396152870673,0.09570477827033456
206,1,1384.25,0,1,At Risk,-0.8582530919544826,0.9375314032871238
50,2,290.25,0,1,At Risk,-0.6956488972372658,-0.36340645438619074
23,5,732.0699999999999,1,3,Regular Customers,0.6571658870124935,-0.23992483510295304
10,18,6717.34,1,0,Champions,3.048622547242861,0.5132692268085973
25,4,1687.6000000000001,1,3,Regular Customers,0.8572560492467831,0.04497263237602017
15,2,467.04,0,2,Recent Customers,-0.027896706864002013,-0.9255201019139426
309,1,118.0,0,1,At Risk,-2.176345029715336,0.2996046541514871
156,1,781.03,0,1,At Risk,-1.023735991862747,0.5540340648621421
307,1,142.4,0,1,At Risk,-2.0854356859102143,0.36343085445719303
64,1,712.4,0,1,At Risk,-0.7304193742111055,-0.038460177737276134
16,9,2478.95,1,0,Champions,1.8289986866331387,0.18074419348359522
15,2,379.65,0,2,Recent Customers,-0.12589206949168144,-1.0007914594518676
11,6,1981.92,1,0,Champions,1.5332565455836085,-0.25795594147208767
65,3,1117.13,0,3,Regular Customers,0.10402188995419229,0.4000236353070904
36,4,247.95999999999998,0,2,Recent Customers,-0.18522678460205866,-0.4285804098405552
108,5,2011.88,1,3,Regular Customers,0.5580259205352704,1.087282281213
53,1,396.97,0,1,At Risk,-0.9363440244040195,-0.36856747449324234
6,2,664.11,1,2,Recent Customers,0.45451049369354485,-1.321600408493706
47,1,160.04,0,1,At Risk,-1.3203309800023715,-0.7727386837624491
1,21,5149.92,1,0,Champions,3.70652177516881,-0.6081096594233641
312,1,219.52,0,1,At Risk,-1.8875340899325532,0.5303748731862584
45,2,693.32,0,3,Regular Customers,-0.24430963548384677,-0.11241581403663758
65,1,428.89,0,1,At Risk,-0.9764174304248349,-0.21325576015373238
26,1,164.34,0,2,Recent Customers,-1.08804846799161,-1.1278854522602888
29,3,276.75,0,2,Recent Customers,-0.25514138841681794,-0.6070320169807182
40,1,675.51,0,2,Recent Customers,-0.5795641969282634,-0.3499249167413315
12,7,1082.33,1,0,Champions,1.336866058701498,-0.3763083459019784
89,3,1154.4,0,3,Regular Customers,0.0010903931623489457,0.6085838550018243
24,4,1585.46,1,3,Regular Customers,0.8426535064363824,-0.002615190426232622
319,1,417.69,0,1,At Risk,-1.5919818164780886,0.7779029621055618
40,3,544.18,0,3,Regular Customers,-0.05469995200793791,-0.16338908365597507
174,1,177.34,0,1,At Risk,-1.7660954651231475,0.08447431491795239
117,1,213.85,0,1,At Risk,-1.527238884402365,-0.09752825373922994
31,5,727.74,1,3,Regular Customers,0.5444629270882823,-0.059710456354831916
253,1,257.23,0,1,At Risk,-1.7328953068899045,0.45545948301137607
59,5,1638.47,1,3,Regular Customers,0.6887863513876972,0.6340880901756172
23,11,7792.36,1,0,Champions,2.4051700556966145,0.8861187466330511
5,7,2031.78,1,0,Champions,1.93063981508373,-0.6372438405439779
100,11,3070.42,1,3,Regular Customers,1.4147119932595253,1.45800458114072
25,5,2118.93,1,3,Regular Customers,1.1300941705736698,0.19756462090479407
33,5,1547.3600000000001,1,3,Regular Customers,0.8786444632657389,0.25319861932653337
68,1,1071.03,0,1,At Risk,-0.56012406528693,0.14772640116267918
37,5,949.12,1,3,Regular Customers,0.6045963227400536,0.14584452929803615
52,3,804.3,0,3,Regular Customers,0.032201123821572135,0.14143052493087238
16,1,122.64,0,2,Recent Customers,-1.049130961975716,-1.5270077450242543
74,1,1033.34,0,1,At Risk,-0.6089459403586889,0.18754993966291963
216,1,312.28,0,1,At Risk,-1.5811257239596517,0.42603585212438705
31,3,519.44,0,2,Recent Customers,0.01795251599304526,-0.3374154831657302
16,4,2624.26,1,3,Regular Customers,1.2287960195243526,-0.06365994235437511
120,1,252.1,0,1,At Risk,-1.459141488484285,-0.021939816727871306
10,4,1648.1200000000001,1,3,Regular Customers,1.1746336561462516,-0.5089561567314533
257,2,346.6,0,1,At Risk,-1.2310547513623558,0.7287054961074378
17,6,1836.34,1,3,Regular Customers,1.342214548734278,-0.02868822994579238
35,2,94.2,0,2,Recent Customers,-1.0927981598122058,-0.9914645698495048
46,3,1095.08,0,3,Regular Customers,0.2242689610985486,0.17754384658144262
43,6,2707.33,1,3,Regular Customers,1.1847565850582455,0.6792511262208325
114,2,932.97,0,3,Regular Customers,-0.4537383514337909,0.576444482077081
165,2,379.65,0,1,At Risk,-1.0195378405394329,0.4822375687066356
11,2,382.14,0,2,Recent Customers,-0.01290653179797331,-1.1807887869870564
10,5,2639.17,1,0,Champions,1.5627476285398518,-0.26781947008162466
206,2,1563.0,0,3,Regular Customers,-0.43381717998195735,1.1368318412180167
86,3,881.26,0,3,Regular Customers,-0.11384618923875121,0.4888610500949962
179,1,189.47,0,1,At Risk,-1.7456558914610163,0.1262985299517749
60,3,84.65,0,1,At Risk,-1.084057739537458,-0.5856115778643247
149,1,299.05,0,1,At Risk,-1.4605273287500367,0.17623260830269097
3,21,6309.83,1,0,Champions,3.53803807359535,-0.09473185379886143
51,2,218.55,0,1,At Risk,-0.8370638802342669,-0.4540214997459469
75,1,349.7,0,1,At Risk,-1.1268463938120359,-0.19797231545688296
301,2,186.39000000000001,0,1,At Risk,-1.5841689330781021,0.6035023423579096
19,2,387.44,0,2,Recent Customers,-0.20152682747362724,-0.85195455732326
151,2,486.82000000000005,0,1,At Risk,-0.868259087981616,0.5167299750027898
152,1,232.6,0,1,At Risk,-1.5867914627132222,0.09761170879603241
1,4,3719.12,1,0,Champions,2.211576261834798,-1.2933718156525362
18,4,827.83,1,2,Recent Customers,0.6396445510020297,-0.41304849837224145
187,1,59.5,0,1,At Risk,-2.306053053924571,-0.26382288702567586
286,1,65.13,0,1,At Risk,-2.4254636333886106,0.036764096376627566
3,7,3119.44,1,0,Champions,2.2887353837246818,-0.7381957951493142
183,1,72.0,0,1,At Risk,-2.2087836899481044,-0.20905301954565014
63,1,910.0,0,1,At Risk,-0.6085654757428057,0.04075934109151328
59,1,172.25,0,1,At Risk,-1.370918728165,-0.6046628872534131
25,3,1488.32,1,3,Regular Customers,0.5957976408446297,-0.08612101257771156
4,50,65039.62,1,0,Champions,5.31967345821055,1.2179387155632022
31,15,2504.13,1,0,Champions,2.017454290803109,0.7651878934444023
39,1,151.29999999999998,0,1,At Risk,-1.2771426368608634,-0.9086416519992243
155,1,308.58000000000004,0,1,At Risk,-1.4606839452955354,0.21248375219435095
26,10,2248.63,1,0,Champions,1.6923026905396577,0.47497591912604015
318,1,99.5,0,1,At Risk,-2.2673934132093247,0.2562090833029381
5,9,2308.06,1,0,Champions,2.19297828354987,-0.5054742114012508
8,3,711.86,1,2,Recent Customers,0.6516955979055296,-1.0269878631864973
303,1,330.79,0,1,At Risk,-1.6826900008962018,0.6606619830959374
267,2,806.41,0,1,At Risk,-0.8459726977649751,1.0597562369934599
271,1,285.33,0,1,At Risk,-1.7100722881606718,0.5364839179835158
4,13,6307.650000000001,1,0,Champions,3.043650175518169,-0.12629221858170525
32,1,180.48,0,2,Recent Customers,-1.1205407152796951,-0.9667505632906566
219,2,252.06,0,1,At Risk,-1.320699428311029,0.5120913644934404
247,1,228.84,0,1,At Risk,-1.7789870377816173,0.3978870434025028
281,5,1077.39,0,3,Regular Customers,-0.1010050161528842,1.4625769287950805
269,1,138.28,0,1,At Risk,-2.0489574288340022,0.26933840594361136
32,6,1445.01,1,3,Regular Customers,0.9971064889163205,0.2683321338609567
246,2,306.55,0,1,At Risk,-1.2724542404366703,0.6565001512862981
15,5,1041.68,1,3,Regular Customers,0.9791017373598091,-0.36865148241994417
117,4,799.9,0,3,Regular Customers,-0.07423120348580164,0.7321896102358002
36,1,524.14,0,2,Recent Customers,-0.6604457425605456,-0.5072475854073997
132,3,2375.41,0,3,Regular Customers,0.1938396983423897,1.118804704762071
217,1,199.85000000000002,0,1,At Risk,-1.7936626770019282,0.26704748955547514
50,8,1980.56,1,3,Regular Customers,1.2076156810843535,0.7551807868636481
39,2,1079.6599999999999,0,3,Regular Customers,0.01884286167516272,-0.03989402000568055
29,2,333.48,0,2,Recent Customers,-0.42732916756268874,-0.6493866625431881
37,6,1016.14,1,3,Regular Customers,0.7764005275530795,0.22963501356469898
136,2,752.6,0,1,At Risk,-0.6223521724975434,0.6092622932582635
219,2,610.59,0,1,At Risk,-0.9022877265600546,0.8334781725632072
28,1,491.86,0,2,Recent Customers,-0.5974628968571332,-0.6847933917226745
25,4,2883.54,1,3,Regular Customers,1.111150067850901,0.23999152856298234
5,2,729.8,1,2,Recent Customers,0.5580552172165307,-1.385018606444062
200,1,339.59999999999997,0,1,At Risk,-1.5122227484462691,0.4079327868345438
18,1,216.9,0,2,Recent Customers,-0.8229329360272758,-1.2501170397483812
241,1,350.75,0,1,At Risk,-1.5678606496045848,0.5373438151716081
72,3,668.4300000000001,0,3,Regular Customers,-0.1777206199859963,0.2770955268173425
17,12,3107.87,1,0,Champions,2.1517365381759443,0.39965626793648973
3,7,1341.6,1,0,Champions,1.8888487137746854,-1.0453533146619207
95,2,1080.52,0,3,Regular Customers,-0.3152072598672704,0.5153867549915502
162,1,300.04,0,1,At Risk,-1.4907151797691465,0.23012182646344312
374,1,79.6,0,1,At Risk,-2.433802559294871,0.27837367033777854
96,5,948.25,0,3,Regular Customers,0.24618214284906006,0.739587939857197
54,5,1647.26,1,3,Regular Customers,0.7245599126532828,0.5808759167773215
288,1,296.25,0,1,At Risk,-1.7154838205288991,0.5885476781878487
124,6,1175.38,1,3,Regular Customers,0.39050955005696364,1.037452440764761
288,1,741.26,0,1,At Risk,-1.2815717166003555,0.9218405222475257
152,2,282.59999999999997,0,1,At Risk,-1.1279372955667226,0.32334920172181136
4,9,2108.06,1,0,Champions,2.2196671306920237,-0.6540506310061434
2,14,5189.52,1,0,Champions,3.2087115230735925,-0.49478360273872896
12,7,3190.55,1,0,Champions,1.8491755220711494,0.017202405559513155
33,2,659.4100000000001,0,2,Recent Customers,-0.15258090835895852,-0.32227897987363713
54,2,286.79,0,1,At Risk,-0.730159244369446,-0.3198920969998815
50,2,1070.65,0,3,Regular Customers,-0.07793193648293577,0.11106899999665086
219,1,306.72,0,1,At Risk,-1.5948613720735427,0.42821807828149605
63,1,1714.96,0,3,Regular Customers,-0.3083372538253186,0.27136806816757936
71,3,1519.42,0,3,Regular Customers,0.2165054550861035,0.5671138011876478
2,37,17220.36,1,0,Champions,4.618474939252794,0.2975785250146366
2,10,2796.51,1,0,Champions,2.634986922419704,-0.8385401797936204
64,4,2634.45,1,3,Regular Customers,0.7183071402089484,0.7879692733435387
34,3,1122.63,1,3,Regular Customers,0.3486523941832348,-0.00029903180909149
82,1,345.0,0,1,At Risk,-1.166900682004238,-0.14703194004032738
1,33,25977.16,1,0,Champions,4.867646125394942,0.14772010671874244
103,1,178.7,0,1,At Risk,-1.5637034483460535,-0.24265595677734195
7,2,360.01,0,2,Recent Customers,0.11377054010928694,-1.4594959326692682
251,1,127.84,0,1,At Risk,-2.0595461063349703,0.19722438098814327
13,6,908.86,1,3,Regular Customers,1.1049874974341225,-0.44396220693321353
10,11,2462.79,1,0,Champions,2.157165145398982,-0.02785897424024151
367,1,230.39999999999998,0,1,At Risk,-1.926536773025928,0.6505361233130105
76,2,309.04,0,1,At Risk,-0.8233804724142996,-0.07946787624725851
4,1,348.8,0,2,Recent Customers,-0.0885353628438339,-1.9240350108279578
128,2,1516.0,0,3,Regular Customers,-0.2676352906974472,0.8259269284243551
66,2,195.55,0,1,At Risk,-0.986352399589941,-0.3336551388200969
1,57,37153.85,1,0,Champions,5.520587448142243,0.482343394370791
117,2,688.86,0,1,At Risk,-0.6072238539994804,0.4824321665770413
310,1,558.32,0,1,At Risk,-1.4437729768704455,0.8652882633238529
67,1,324.8,0,1,At Risk,-1.1192787763575536,-0.2953049594853314
139,3,4599.42,1,3,Regular Customers,0.4874523737349334,1.3918989412795473
255,1,277.07,0,1,At Risk,-1.7007933379739164,0.4873907655871561
31,7,2588.39,1,3,Regular Customers,1.4059383466273134,0.5120939002478555
52,2,924.6,0,3,Regular Customers,-0.1620957521072082,0.0820936295540943
64,1,256.38,0,1,At Risk,-1.2138155994479038,-0.40976234068273903
367,1,112.6,0,1,At Risk,-2.2638815298274033,0.39141776177152343
6,5,1747.66,1,0,Champions,1.5400560212677863,-0.7043988769526892
305,1,155.05,0,1,At Risk,-2.0428626718297966,0.3900902644635371
29,3,1499.01,1,3,Regular Customers,0.5445246288482586,0.007200586302556249
184,3,814.5,0,3,Regular Customers,-0.43935281432110207,0.9384749759647213
42,3,539.0,0,3,Regular Customers,-0.07742047583289206,-0.13667296728368636
40,4,1366.8600000000001,1,3,Regular Customers,0.5833833439071835,0.2569944399767912
92,2,1579.12,0,3,Regular Customers,-0.12331114243679367,0.6333421069462409
22,4,4027.36,1,3,Regular Customers,1.3163489759583658,0.28391153274655184
24,2,571.6700000000001,0,2,Recent Customers,-0.10271382039783125,-0.5691223339543768
29,2,382.98,0,2,Recent Customers,-0.3618893558340458,-0.5991215955669487
302,3,1140.35,0,3,Regular Customers,-0.4684270336804711,1.3736773191700768
145,2,385.64,0,1,At Risk,-0.9630931639915554,0.4065387198834849
6,2,632.0,1,2,Recent Customers,0.4310483196209891,-1.3396219724318097
19,2,957.66,0,2,Recent Customers,0.22682424150636096,-0.5229332077370917
33,5,1698.94,1,3,Regular Customers,0.9229290040679696,0.2872140810253914
176,1,189.5,0,1,At Risk,-1.7391609297841455,0.11570125397463941
58,3,409.8,0,3,Regular Customers,-0.3279245445223855,-0.03573165933470675
22,1,209.49,0,2,Recent Customers,-0.9123205343932211,-1.141601043614525
16,6,2198.45,1,0,Champions,1.4493440598770266,0.0005931494642853238
19,1,52.199999999999996,0,2,Recent Customers,-1.5110757054206283,-1.731120375991054
159,1,383.85,0,1,At Risk,-1.3671614528845693,0.3077979901713275
25,4,834.57,1,3,Regular Customers,0.5236682037648068,-0.21126000266182937
212,2,266.59000000000003,0,1,At Risk,-1.2818755838751739,0.5119260932861102
6,4,674.82,1,2,Recent Customers,0.92431096821489,-1.1203815971250317
253,1,85.0,0,1,At Risk,-2.2542309391238726,0.05501562812982789
59,9,3385.62,1,3,Regular Customers,1.4949930954450399,1.0937044002958425
11,1,361.62,0,2,Recent Customers,-0.4058959683424465,-1.355934827895657
65,1,312.98,0,1,At Risk,-1.1253971413494621,-0.3276887780661217
25,3,865.0600000000001,1,3,Regular Customers,0.33874808375051113,-0.2835637139278625
92,3,1255.0,0,3,Regular Customers,0.028149843020620714,0.6597762654927473
52,2,1537.95,0,3,Regular Customers,0.0789713203311173,0.2672600018554786
129,1,1595.48,0,3,Regular Customers,-0.6132611715921141,0.6943224376839172
96,3,2651.46,1,3,Regular Customers,0.3665209086954814,0.958735155490427
57,1,1090.14,0,3,Regular Customers,-0.4854071151905721,0.04406999587466126
9,25,8109.5199999999995,1,0,Champions,3.458140715722752,0.6414161718525891
169,3,388.5,0,1,At Risk,-0.7574234111636334,0.615746776219423
57,1,216.17,0,1,At Risk,-1.2508354112511848,-0.5438642226181367
326,1,201.16,0,1,At Risk,-1.9454670047287652,0.5264541029877244
1,5,1245.9,1,0,Champions,1.8582546322702418,-1.6217402850617495
18,8,2209.36,1,0,Champions,1.636606855670003,0.16903791297844134
248,1,305.78,0,1,At Risk,-1.643613040159733,0.5056011650239001
58,4,501.56,0,3,Regular Customers,-0.030416840786019063,0.12305186119406941
74,1,145.67000000000002,0,1,At Risk,-1.5351299516247523,-0.5238625801599917
31,3,1005.09,1,3,Regular Customers,0.3304931968297058,-0.09734941573574066
7,2,3192.54,1,2,Recent Customers,1.1474200044470424,-0.6655379706516298
123,4,3083.65,1,3,Regular Customers,0.5462014278136754,1.2547448703545656
2,8,2770.94,1,0,Champions,2.4490540082315495,-0.9186449181181119
23,13,6403.25,1,0,Champions,2.451573386529209,0.873587387009897
120,3,389.6,0,1,At Risk,-0.626203884402184,0.4012306829741037
358,1,540.45,0,1,At Risk,-1.5139972714858432,0.9444506592805355
54,5,1786.79,1,3,Regular Customers,0.7630898095622519,0.6104711707604445
64,1,122.7,0,1,At Risk,-1.5612266807531074,-0.6766127610737017
86,1,117.24,0,1,At Risk,-1.6939917828470676,-0.5082484425010726
55,1,1271.57,0,3,Regular Customers,-0.39906984736904,0.07784459973158946
21,13,3219.77,1,0,Champions,2.158904826825971,0.5680950683573015
4,20,17159.52,1,0,Champions,3.885022296384702,0.39326168449941906
3,5,1191.13,1,0,Champions,1.5721752721983646,-1.198689048148182
11,5,2674.48,1,0,Champions,1.5358088473668772,-0.20782120116525313
7,5,787.6,1,2,Recent Customers,1.1114554901565672,-0.909781114450056
189,2,506.8,0,1,At Risk,-0.9344663134300341,0.6728082725709725
71,1,243.56,0,1,At Risk,-1.277111904963362,-0.36353236670928185
204,1,349.55,0,1,At Risk,-1.5060969353961595,0.43091164901522866
120,2,595.67,0,1,At Risk,-0.685625845461974,0.44549275052553056
93,1,416.90000000000003,0,1,At Risk,-1.1249197491083855,0.000627036156971601
1,10,1883.8100000000002,1,0,Champions,2.6026284660403505,-1.2394043315820902
27,4,632.97,1,3,Regular Customers,0.3644388334597624,-0.264841656698366
298,1,821.1,0,1,At Risk,-1.2461252023920295,0.9806130526302965
24,3,564.62,0,2,Recent Customers,0.15172501164076072,-0.46358971502513396
28,4,2593.07,1,3,Regular Customers,1.0191105319669578,0.270561191802879
50,1,311.16,0,1,At Risk,-1.0296633984935062,-0.4932531737674816
326,1,155.93,0,1,At Risk,-2.0655514599810787,0.43421586105799126
16,2,388.52,0,2,Recent Customers,-0.1381284308509875,-0.9539699283627476
183,3,740.95,0,3,Regular Customers,-0.48209933730250826,0.9006145679325877
72,5,2867.2,1,3,Regular Customers,0.8790715808749635,0.9621160543112518
37,2,332.64,0,2,Recent Customers,-0.5188214821532413,-0.5004471311064123
80,4,2369.55,1,3,Regular Customers,0.5840157169313771,0.8888935283015513
57,9,2580.91,1,3,Regular Customers,1.3793036239341454,0.9734032926627411
12,2,626.45,0,2,Recent Customers,0.19040095795677453,-0.9503981428625815
50,2,272.04,0,1,At Risk,-0.7262621346270838,-0.38692083175236525
50,2,1212.8400000000001,0,3,Regular Customers,-0.018857193441174584,0.15644498499965415
59,2,384.81,0,1,At Risk,-0.6244157970138298,-0.15797909258271778
352,1,172.25,0,1,At Risk,-2.0478663638891486,0.5187497968855412
54,1,351.13,0,1,At Risk,-1.0013787142135162,-0.4015052353801097
2,6,1838.8500000000001,1,0,Champions,2.027310391909557,-1.1640516611524099
93,4,678.25,0,3,Regular Customers,-0.06548437122898754,0.5280375179807639
23,1,223.85000000000002,0,2,Recent Customers,-0.8972861519026586,-1.090585179983926
75,1,348.99,0,1,At Risk,-1.1278073053764024,-0.19871040260697145
11,4,464.57,1,2,Recent Customers,0.5417145286310493,-0.9144183145883559
169,2,842.65,0,1,At Risk,-0.6512732510318624,0.7871866815617417
58,2,337.34,0,1,At Risk,-0.6802491553684509,-0.2164514632176836
96,2,1237.53,0,3,Regular Customers,-0.25489037096444545,0.5713268072328376
295,1,307.4,0,1,At Risk,-1.7071657348071319,0.617131015476152
109,2,608.7900000000001,0,1,At Risk,-0.6389044556365997,0.3929938102935526
264,1,922.1,0,1,At Risk,-1.1450697658351978,0.9462906418265155
180,1,376.58,0,1,At Risk,-1.4233133816963282,0.37903119660408435
169,1,158.85,0,1,At Risk,-1.8069214382827212,0.026233741586340554
35,1,71.66,0,1,At Risk,-1.5877992778879069,-1.244966948728461
23,3,568.55,0,2,Recent Customers,0.17060203286023676,-0.48694645517461393
17,4,839.14,1,2,Recent Customers,0.6667245779381354,-0.4423874158159651
22,5,5112.96,1,0,Champions,1.5944651238116623,0.44055763374668294
79,3,561.5699999999999,0,3,Regular Customers,-0.2951599881990346,0.2718041107107589
65,1,90.6,0,1,At Risk,-1.709508434515713,-0.776351335261842
361,1,102.0,0,1,At Risk,-2.3040476484490457,0.34532120633064217
3,6,2427.32,1,0,Champions,2.0490019856827377,-0.8806072903796571
11,4,745.06,1,2,Recent Customers,0.7652995310234616,-0.7426801200052231
176,3,674.45,0,3,Regular Customers,-0.5118076499003897,0.8418269400829863
218,2,3251.071,0,3,Regular Customers,-0.1082405019551334,1.4391700672494103
7,7,3515.68,1,0,Champions,2.080636686744009,-0.25524672006065136
2,2,439.92,1,2,Recent Customers,0.583256455578155,-2.0084533089271344
154,2,322.96,0,1,At Risk,-1.069809488707851,0.38004154791342365
5,5,1019.27,1,2,Recent Customers,1.3434745641409107,-0.9983474229157236
79,3,594.04,0,3,Regular Customers,-0.2685536691609447,0.2922407283157484
21,2,230.22,0,2,Recent Customers,-0.4839123686129922,-0.9804719439538407
22,2,169.55,0,2,Recent Customers,-0.6451978914269227,-1.0631347247614553
308,4,664.54,0,3,Regular Customers,-0.5297480277223366,1.2750243908494587
146,1,80.7,0,1,At Risk,-2.0696365902019256,-0.3103662135248626
7,18,9024.17,1,0,Champions,3.31023069175068,0.41889443393498554
19,8,2758.26,1,0,Champions,1.7221840031754003,0.28233768391820385
71,2,190.25,0,1,At Risk,-1.0268073546856267,-0.2979842169809745
287,1,264.7,0,1,At Risk,-1.7673626842436438,0.5454845322152333
49,1,413.59000000000003,0,1,At Risk,-0.8875457185027701,-0.4024549844454105
31,6,2461.2400000000002,1,3,Regular Customers,1.2612368819703461,0.44267751869976346
207,1,357.98,0,1,At Risk,-1.5003791272124574,0.4487762392741399
15,2,196.79000000000002,0,2,Recent Customers,-0.43630960203628555,-1.2392267124237832
73,1,869.87,0,1,At Risk,-0.6853855093262184,0.11638795639558755
60,1,200.14,0,1,At Risk,-1.3064578006139165,-0.539821215974229
39,4,1871.81,1,3,Regular Customers,0.7417919939787626,0.3557711673876458
30,12,2603.43,1,0,Champions,1.860129427213834,0.6797928861789299
27,5,920.51,1,3,Regular Customers,0.706754356313897,-0.05888328234342939
4,15,7060.13,1,0,Champions,3.2179069727505976,-0.034174048440900016
17,1,320.46,0,2,Recent Customers,-0.6179101986698059,-1.1427761284916116
20,6,4147.96,1,0,Champions,1.6695474096198883,0.3656919629544762
66,2,1266.08,0,3,Regular Customers,-0.10273816360597925,0.345059050289529
213,1,311.3,0,1,At Risk,-1.5772933748849174,0.416069529310377
12,6,852.88,1,3,Regular Customers,1.1031876822691522,-0.514068909861139
30,1,76.8,0,1,At Risk,-1.498269729959988,-1.31486697023834
43,9,3466.36,1,0,Champions,1.6246432963595714,0.905667122473471
4,6,2274.14,1,0,Champions,1.932866533046651,-0.7628794344967245
15,5,1393.69,1,3,Regular Customers,1.117023085324994,-0.2627125194279579
10,12,3901.81,1,0,Champions,2.4477023222852217,0.17029146157358205
211,1,635.66,0,1,At Risk,-1.235979023178681,0.6695293789198279
46,3,2043.0800000000002,1,3,Regular Customers,0.519766324122159,0.40451874689556866
134,2,529.73,0,1,At Risk,-0.7829773308012437,0.472246485458735
43,7,4582.64,1,3,Regular Customers,1.555066201304989,0.9219597063631036
10,5,2874.72,1,0,Champions,1.6032688529070611,-0.23669465472880938
116,3,962.19,0,3,Regular Customers,-0.18540540048634963,0.7086385720025964
198,2,695.61,0,1,At Risk,-0.8022468575452003,0.8172861381264709
278,1,328.8,0,1,At Risk,-1.6527609295478702,0.6040692011389842
110,3,473.02,0,1,At Risk,-0.501472449013166,0.41704454132079316
77,1,505.18,0,1,At Risk,-0.962772294301124,-0.04785668207962311
53,1,917.34,0,1,At Risk,-0.5398593817722204,-0.06402309102866252
162,4,4341.21,1,3,Regular Customers,0.6038721899846768,1.5526443788707347
47,3,1421.61,1,3,Regular Customers,0.33986410144983475,0.28585773493560335
17,2,642.8,0,2,Recent Customers,0.07828749125013476,-0.7347323643000516
155,3,631.9,0,3,Regular Customers,-0.49441543828399603,0.7380672416148962
225,1,440.0,0,1,At Risk,-1.4345129078647658,0.5763362704915033
7,2,584.07,1,2,Recent Customers,0.3427050958340477,-1.283648685058011
122,2,327.7,0,1,At Risk,-0.9745886665845919,0.2387399538544571
61,1,104.82,0,1,At Risk,-1.6172012165951135,-0.7634275422328819
63,2,467.66,0,1,At Risk,-0.5568306986587356,-0.0462162204406066
18,8,2358.84,1,0,Champions,1.6676348471956852,0.19287086773454368
7,19,17286.86,1,0,Champions,3.664839025545328,0.6752432594095652
2,11,2975.59,1,0,Champions,2.7431408148237706,-0.7826582369939116
22,3,648.89,0,2,Recent Customers,0.24942764870270484,-0.4658673818246031
29,5,1428.02,1,3,Regular Customers,0.8884257438187229,0.14464132662287987
285,1,626.65,0,1,At Risk,-1.3571095146902412,0.8541422626649474
176,2,147.20000000000002,0,1,At Risk,-1.4913268612280655,0.17935179846964458
78,3,1560.38,0,3,Regular Customers,0.19366770080008985,0.63561327261747
33,1,152.2,0,1,At Risk,-1.2122670070501933,-1.0095223433510048
41,12,3560.32,1,0,Champions,1.8924948864649938,0.9862739382254445
266,1,141.41,0,1,At Risk,-2.0341516523761722,0.27034929905209343
27,4,646.42,1,3,Regular Customers,0.37439306517910764,-0.25719569759712835
109,4,1659.75,0,3,Regular Customers,0.2983828752481165,0.9532946166266364
284,1,154.99,0,1,At Risk,-2.0158865158856383,0.3448799474797455
9,5,1308.6100000000001,1,3,Regular Customers,1.2667188614293536,-0.5835887214498638
305,1,409.93,0,1,At Risk,-1.5837632518125293,0.7427297737520391
17,4,5578.72,1,3,Regular Customers,1.5644553080479877,0.2471698136992462
32,2,746.36,0,2,Recent Customers,-0.08253066404312953,-0.2961568194913999
1,23,15610.390000000001,1,0,Champions,4.311010716792075,-0.17098709516358124
20,1,225.36,0,2,Recent Customers,-0.8431038375162949,-1.1727978521241347
124,2,260.25,0,1,At Risk,-1.0896482641967769,0.16531899190549892
65,1,92.46,0,1,At Risk,-1.6999768335392467,-0.769030003662363
106,1,725.6400000000001,0,1,At Risk,-0.9121038590086775,0.284217134042285
1,23,8152.71,1,0,Champions,4.0030335293441635,-0.4075478911881104
24,17,6211.66,1,0,Champions,2.6489826996472274,0.984536784747787
267,1,183.6,0,1,At Risk,-1.9125452775719483,0.36722328869961146
5,19,6140.42,1,0,Champions,3.2840064015133077,0.11593856045107663
10,12,10464.85,1,0,Champions,2.915419213394585,0.5295501488543158
29,5,1334.34,1,3,Regular Customers,0.8562765964723416,0.11994719927276203
267,1,152.55,0,1,At Risk,-1.9998681717195883,0.3001495761239836
64,2,374.7,0,1,At Risk,-0.6675827103060603,-0.11690825317373103
320,1,265.85,0,1,At Risk,-1.8067542664694831,0.6158272488912887
4,8,1437.57,1,0,Champions,1.9429220183668667,-0.8336950480293481
32,1,151.04,0,2,Recent Customers,-1.2044671077415716,-1.0312153841196552
5,3,942.26,1,2,Recent Customers,0.9393730013877575,-1.1820288149106608
129,1,118.67,0,1,At Risk,-1.841712179662309,-0.2492648154965513
41,5,499.41999999999996,0,3,Regular Customers,0.2623642872735384,-0.024215119327284408
102,6,1049.37,1,3,Regular Customers,0.41073697663393355,0.8734679759650861
125,1,375.1,0,1,At Risk,-1.2868101267721237,0.14797965309356306
33,1,45.599999999999994,0,1,At Risk,-1.7765802659314385,-1.442977804238743
302,2,921.62,0,1,At Risk,-0.8296157131553653,1.186148922909762
365,1,182.25,0,1,At Risk,-2.0350738548975755,0.5621138439031157
4,9,1002.9,1,0,Champions,1.8676777819666301,-0.9244176709048952
2,18,4421.29,1,0,Champions,3.346662050167272,-0.4626970948302414
3,1,191.47,0,2,Recent Customers,-0.28656558576331814,-2.2830771111484904
10,13,50491.81,1,0,Champions,3.728661567768296,1.1310510924807415
57,1,158.75,0,1,At Risk,-1.3964345311718316,-0.655700569960339
325,1,76.32000000000001,0,1,At Risk,-2.400011161279033,0.17447325679465497
8,14,4076.91,1,0,Champions,2.6746541345278674,0.1138021293704551
12,1,433.86,0,2,Recent Customers,-0.35033290537463396,-1.2390283658254664
4,17,65164.79,1,0,Champions,4.378214148328861,0.8202622683739942
37,1,147.35,0,1,At Risk,-1.2700085194493413,-0.9507288412184757
16,11,3104.17,1,0,Champions,2.100578768752925,0.33236986772549687
138,1,191.95000000000002,0,1,At Risk,-1.640782073717902,-0.0328515809939291
74,6,5976.79,1,3,Regular Customers,1.3564354657746238,1.3056755378309746
5,5,1105.8799999999999,1,2,Recent Customers,1.3821077864029612,-0.9686728035485054
155,2,216.20999999999998,0,1,At Risk,-1.2618123323853807,0.23852567515833825
239,1,1266.23,0,1,At Risk,-0.9569805171358233,0.9988719046250973
52,7,2703.23,1,3,Regular Customers,1.233774885107755,0.8477546682979978
31,2,597.91,0,2,Recent Customers,-0.17577090117394348,-0.39631189831635644
73,1,144.2,0,1,At Risk,-1.5347785834198249,-0.536040567321903
4,12,5683.15,1,0,Champions,2.9271667390174034,-0.19260467758346667
14,4,692.85,1,2,Recent Customers,0.6456590465998198,-0.6276445190799586
23,7,2915.15,1,0,Champions,1.5721818837873722,0.3730046505246465
4,4,1840.42,1,0,Champions,1.5281198756912886,-0.9686175883287628
274,2,386.53,0,1,At Risk,-1.2038705329658825,0.8087617974563616
20,5,1382.74,1,3,Regular Customers,1.0094075648690077,-0.09319470511763531
144,1,90.0,0,1,At Risk,-2.0132870797089586,-0.2797871740857478
4,4,2780.15,1,0,Champions,1.7236272509989048,-0.8184461398695865
84,1,419.58000000000004,0,1,At Risk,-1.083443064144951,-0.060846315756427995
11,3,2720.63,1,3,Regular Customers,1.1770283904782444,-0.3566909339952199
8,3,706.1300000000001,1,2,Recent Customers,0.6478689144794271,-1.029927182442297
123,3,709.71,0,3,Regular Customers,-0.35173915641936054,0.6347619949429979
61,2,637.5,0,3,Regular Customers,-0.39807294236550894,0.046285177750375654
2,5,1123.8600000000001,1,0,Champions,1.6545288532038147,-1.4022151315565274
319,1,480.91,0,1,At Risk,-1.5253029393171884,0.8291197693954595
2,11,3586.0299999999997,1,0,Champions,2.8315927382493937,-0.7147173041317817
130,3,605.64,0,3,Regular Customers,-0.4477894112674828,0.6119109850475022
2,15,4690.31,1,0,Champions,3.219162340835019,-0.5069254194532151
2,2,965.8800000000001,1,2,Recent Customers,0.9555685874380089,-1.722476107134379
46,1,415.82,0,1,At Risk,-0.8613658806924538,-0.4397262882297979
4,2,935.05,1,2,Recent Customers,0.745068971997233,-1.4104476329325448
3,4,915.13,1,2,Recent Customers,1.2823361420657742,-1.3643397057609365
373,1,311.81,0,1,At Risk,-1.7897814508967815,0.7705773967784494
134,1,115.8,0,1,At Risk,-1.8676389808576872,-0.23418088434411585
47,4,3742.2,1,3,Regular Customers,1.0004986669865696,0.7235631463914896
9,5,4191.0,1,0,Champions,1.8183744655374148,-0.15985574979504846
78,2,483.4,0,1,At Risk,-0.6216030246338314,0.09929926940150309
234,1,157.2,0,1,At Risk,-1.9355272078829857,0.22771507201300598
221,1,446.62,0,1,At Risk,-1.420626518868303,0.5704422508863749
36,2,658.64,0,2,Recent Customers,-0.18543482230411,-0.26909990584237603
75,2,621.29,0,1,At Risk,-0.4880404618437665,0.16598818380587232
239,2,1345.62,0,3,Regular Customers,-0.5612792286876209,1.1761009499612751
266,1,118.75,0,1,At Risk,-2.11632470021034,0.20723124226192885
10,55,117210.08,1,0,Champions,5.382373149694023,1.9680490716130832
20,2,424.89000000000004,0,2,Recent Customers,-0.1765221669762528,-0.7875024907530648
40,1,507.66,0,2,Recent Customers,-0.7147779107919467,-0.45378411504781574
20,11,4630.35,1,0,Champions,2.209416996915085,0.6119278590891952
216,3,1097.6200000000001,0,3,Regular Customers,-0.3589948761225425,1.148150128516397
174,2,289.36,0,1,At Risk,-1.168088425158733,0.4170967191440969
87,4,2445.91,1,3,Regular Customers,0.567385428210781,0.9529857268654496
71,2,1631.77,0,3,Regular Customers,-0.010003629447566878,0.48303434038767645
276,1,120.44,0,1,At Risk,-2.123725473949924,0.2356443217495438
39,4,562.59,0,3,Regular Customers,0.17239365247918215,-0.08159020355145713
98,1,363.79,0,1,At Risk,-1.2091641986741997,-0.01602195997706139
11,4,450.84,1,2,Recent Customers,0.5275210013262254,-0.9253205250587107
33,1,134.46,0,1,At Risk,-1.2706203186566107,-1.054344188626854
60,3,3222.3,1,3,Regular Customers,0.6361272929803671,0.7356821970868546
297,4,576.9000000000001,0,1,At Risk,-0.5828512123712205,1.2006207338198835
86,4,549.46,0,3,Regular Customers,-0.13560689334027995,0.4024108592262667
9,7,1600.26,1,0,Champions,1.6223655319418722,-0.4003172055857196
41,2,701.57,0,2,Recent Customers,-0.20395782927001224,-0.16578407481842836
11,25,4748.52,1,0,Champions,3.1347648696982624,0.5621039182498127
67,1,452.89,0,1,At Risk,-0.9620624573607071,-0.17454530881727479
331,1,197.65,0,1,At Risk,-1.959568572784286,0.5296949207139956
31,6,2054.36,1,3,Regular Customers,1.175594672758407,0.37689475942347067
2,15,4654.08,1,0,Champions,3.21548632433197,-0.5097490097241915
2,13,4684.76,1,0,Champions,3.097773722007133,-0.5584349377929491
68,2,853.39,0,3,Regular Customers,-0.30083064339690596,0.22017900586567515
5,21,11349.52,1,0,Champions,3.6614787957616723,0.376093626868642
202,2,1012.0,0,1,At Risk,-0.6323035054590784,0.9662769618631407
107,1,335.52,0,1,At Risk,-1.2806497795445098,0.009759403187064466
18,4,701.4,1,2,Recent Customers,0.5611661040792452,-0.473328689995079
218,1,185.39999999999998,0,1,At Risk,-1.8308130485838716,0.24275605026547217
60,7,747.44,1,3,Regular Customers,0.5709814242629179,0.46902452158391245
2,1,150.61,0,2,Recent Customers,-0.28981881069755555,-2.552358760175263
17,2,466.7,0,2,Recent Customers,-0.07323415896605194,-0.851117874821521
239,1,328.15999999999997,0,1,At Risk,-1.5961634243504295,0.5079082115381416
95,1,151.74,0,1,At Risk,-1.6102020691203927,-0.3525999172461145
11,6,2073.43,1,0,Champions,1.554648505739898,-0.24152453249328867
106,6,1905.8400000000001,1,3,Regular Customers,0.6789242129010866,1.1147976595632396
53,9,2241.1,1,3,Regular Customers,1.3396896285386886,0.8767076513706347
90,1,1070.48,0,1,At Risk,-0.6660864850193857,0.32298316037036046
31,5,1004.38,1,3,Regular Customers,0.6970480081307046,0.05749188753295248
12,6,1789.72,1,0,Champions,1.4543389364001749,-0.2443456199947553
3,4,1839.3,1,0,Champions,1.6130717850324823,-1.1102978800587593
2,17,2004.98,1,0,Champions,2.922906937366498,-0.77129145944316
43,1,169.48000000000002,0,1,At Risk,-1.2600824384652465,-0.807151345210857
4,1,89.94,0,2,Recent Customers,-0.7272995309102648,-2.4146770655915044
247,2,632.4,0,1,At Risk,-0.9314371297485673,0.9221861753815582
42,9,3432.8,1,0,Champions,1.6288136199578702,0.8875509988266189
177,1,683.17,0,1,At Risk,-1.1350794413378924,0.5849276836146002
92,3,991.13,0,3,Regular Customers,-0.08367177969864319,0.5738847996266345
110,4,1009.73,0,3,Regular Customers,0.059461881517257925,0.7781690632881858
29,5,2214.79,1,3,Regular Customers,1.0963999045533668,0.30438865538969584
26,10,3350.96,1,0,Champions,1.8813862030208366,0.6202131251617209
52,3,1547.2,1,3,Regular Customers,0.34212501776023113,0.379486608450211
184,3,925.71,0,3,Regular Customers,-0.378737119758085,0.9850345834351035
43,5,2048.07,1,3,Regular Customers,0.9130077742863659,0.5186920483453228
49,4,1462.72,1,3,Regular Customers,0.5396917757409996,0.4074685047464293
22,4,754.12,1,3,Regular Customers,0.5224997464150242,-0.32585312943640327
75,5,3144.86,1,3,Regular Customers,0.9075002607480525,1.0213005660394916
81,2,490.86,0,1,At Risk,-0.628594050745829,0.12849311915990944
373,1,161.0,0,1,At Risk,-2.1017756389995395,0.5309310966605294
326,1,146.85,0,1,At Risk,-2.0938118898212386,0.4125087020492928
43,11,2380.85,1,0,Champions,1.611565953834582,0.838644176905992
30,2,890.34,0,2,Recent Customers,0.024888216737216286,-0.27162558558352595
184,1,213.70000000000002,0,1,At Risk,-1.6993435377331063,0.18728009663064576
235,2,280.55,0,1,At Risk,-1.2969327702489641,0.5954509303076684
9,10,2588.77,1,0,Champions,2.138485556471693,-0.10340085588500084
220,2,1693.45,0,3,Regular Customers,-0.4208312796471917,1.2074960590011654
111,3,1474.06,0,3,Regular Customers,0.033365028387682114,0.8361764400137082
278,1,136.76999999999998,0,1,At Risk,-2.066651687709849,0.286154981487396
318,1,302.58,0,1,At Risk,-1.7432203984122756,0.6588323641455798
7,3,1904.05,1,2,Recent Customers,1.1627731957932186,-0.743649763663769
2,5,2879.7000000000003,1,0,Champions,2.1004127620341815,-1.059726607385301
260,2,969.0600000000001,0,1,At Risk,-0.7488424893961172,1.1098192057451466
64,5,3099.7200000000003,1,3,Regular Customers,0.960371196009865,0.9169233505774518
9,9,12669.98,1,0,Champions,2.8050813430144954,0.4384047748468414
142,1,120.0,0,1,At Risk,-1.8728798305277,-0.1848188706827688
51,2,1163.45,0,3,Regular Customers,-0.04597129281557309,0.15362575412905768
8,8,2618.23,1,0,Champions,2.0025173091358117,-0.24283354460194403
155,2,333.97,0,1,At Risk,-1.0564193589804425,0.3962903644496024
109,2,530.18,0,1,At Risk,-0.7043444133575946,0.34272863117891983
163,3,1516.24,0,3,Regular Customers,-0.09894816665390994,1.0882074803183044
332,1,492.65000000000003,0,1,At Risk,-1.52910203576722,0.8631302189059105
226,1,112.32,0,1,At Risk,-2.0804958549707724,0.08424366910607156
74,2,437.96,0,1,At Risk,-0.6484601198792735,0.030485012130417842
51,4,559.97,0,3,Regular Customers,0.06996164810808587,0.08303487034210041
99,3,1119.74,0,3,Regular Customers,-0.053598669794344064,0.6642829427747495
15,3,4188.0,1,3,Regular Customers,1.2716050254073026,-0.01726273046851963
197,1,134.04,0,1,At Risk,-1.9451375102281154,0.06146059319361639
3,15,3701.44,1,0,Champions,2.9970263549355796,-0.4107677981246722
31,2,595.25,0,2,Recent Customers,-0.1778815070662791,-0.39793307881391976
21,4,1910.01,1,3,Regular Customers,0.9797386460193154,-0.015865178930899143
24,3,4628.75,1,3,Regular Customers,1.1485591587026238,0.30208998121298564
8,3,176.63,0,2,Recent Customers,-0.007182580070530905,-1.53307971874502
213,1,426.6,0,1,At Risk,-1.4283023589225554,0.5305112307513995
9,6,911.26,1,2,Recent Customers,1.2347682857492033,-0.6563046117841487
11,5,2314.65,1,0,Champions,1.4673225876006597,-0.2604262796819184
2,11,3883.25,1,0,Champions,2.869338058861797,-0.685724692165087
8,9,4871.93,1,0,Champions,2.392216816761461,0.023572433847861455
3,4,1046.56,1,2,Recent Customers,1.3459017460969565,-1.315514239128153
40,1,166.20000000000002,0,1,At Risk,-1.242318225016871,-0.8589938570491945
18,4,1305.33,1,3,Regular Customers,0.8553672602659002,-0.24734942096034582
8,44,51527.3,1,0,Champions,4.8714631475223396,1.457864204357859
8,9,3965.62,1,0,Champions,2.29464458694253,-0.05137391054577499
19,1,43.2,0,2,Recent Customers,-1.5989526655506818,-1.7986196729774493
117,1,640.14,0,1,At Risk,-1.008840945911723,0.30065912501771896
223,1,383.45,0,1,At Risk,-1.496186252725821,0.5207210784054588
71,3,1858.96,1,3,Regular Customers,0.31208021804280406,0.64052586846525
51,2,2093.32,0,3,Regular Customers,0.23234855885201047,0.36740641173392674
89,6,2995.72,1,3,Regular Customers,0.9593691351332717,1.169760781150445
8,9,2352.53,1,0,Champions,2.047136325023609,-0.24148783407165458
243,1,310.26,0,1,At Risk,-1.6289901724443876,0.4980221077354141
47,6,1611.59,1,3,Regular Customers,0.9056731999557607,0.5455742443472033
107,1,120.0,0,1,At Risk,-1.7656478711660009,-0.3627731716282774
45,6,2481.13,1,3,Regular Customers,1.126422554121408,0.6756665624466702
65,1,508.58000000000004,0,1,At Risk,-0.8957837238370823,-0.15132008896044552
207,2,477.79,0,1,At Risk,-0.9969349599395402,0.7087638206952664
11,5,1530.75,1,3,Regular Customers,1.2713637901576686,-0.41094447064034384
115,2,605.0600000000001,0,1,At Risk,-0.66210155279823,0.42442740652055805
242,1,183.85,0,1,At Risk,-1.8744962132096878,0.3056376769173577
163,1,311.65,0,1,At Risk,-1.4751089472758492,0.2477810529091128
17,7,4975.24,1,0,Champions,1.9354694908465533,0.3852672019316201
124,2,462.65999999999997,0,1,At Risk,-0.817637680060622,0.3742534290421104
23,3,840.21,1,2,Recent Customers,0.35552021443939696,-0.34490868738970887
68,1,415.2,0,1,At Risk,-1.0087432237450986,-0.19686309949528136
17,8,2552.21,1,0,Champions,1.7256317577921851,0.18727956182629327
16,2,454.86,0,2,Recent Customers,-0.06355773340283408,-0.8966913237536868
17,4,1614.91,1,3,Regular Customers,0.9768626165892118,-0.20416684529661935
161,2,588.22,0,1,At Risk,-0.8030526342646221,0.6259028435167268
243,1,309.52,0,1,At Risk,-1.6301187879650763,0.4971552052606167
219,1,134.7,0,1,At Risk,-1.9830732542914917,0.1300280965991964
45,8,2166.98,1,3,Regular Customers,1.2896638647780994,0.7225147313570245
21,4,668.5600000000001,1,2,Recent Customers,0.4824602289922774,-0.3978304119812531
127,8,889.9300000000001,1,3,Regular Customers,0.47707180406180555,1.0473961404758079
39,1,108.97999999999999,0,1,At Risk,-1.431505747093154,-1.027209720420035
121,2,1021.58,0,3,Regular Customers,-0.43333283128967515,0.6469144743220483
260,1,409.57,0,1,At Risk,-1.5234164276903774,0.6415737498033458
10,1,133.5,0,2,Recent Customers,-0.8429211328882801,-1.7723091038644534
274,1,282.93,0,1,At Risk,-1.7182535282305396,0.5403719772890971
165,1,51.0,0,1,At Risk,-2.330298791811646,-0.3978592573290362
157,4,1078.96,0,3,Regular Customers,-0.04399482262341151,1.026118489423817
215,1,90.6,0,1,At Risk,-2.1624143068891315,-0.024741942016764728
6,2,163.62,0,2,Recent Customers,-0.20755891263393736,-1.8301434830056977
366,1,174.4,0,1,At Risk,-2.0568757443976695,0.5478978595419672
80,2,701.23,0,3,Regular Customers,-0.4550758176784057,0.2503957500712608
43,1,225.12,0,1,At Risk,-1.126158223133222,-0.7042826254578315
19,3,912.18,1,2,Recent Customers,0.4640909123014757,-0.4305907220345366
32,4,2118.03,1,3,Regular Customers,0.8738446372141,0.27880567494667724
22,1,151.5,0,2,Recent Customers,-1.065128329607155,-1.2589744568017445
109,8,3717.35,1,3,Regular Customers,1.2124225345643347,1.4716871967704583
8,16,9227.82,1,0,Champions,3.1751743124857783,0.45914212698441337
320,1,155.0,0,1,At Risk,-2.0612955249285063,0.4203112003776756
295,1,100.5,0,1,At Risk,-2.234113225104585,0.21237662830591197
358,1,76.55,0,1,At Risk,-2.4354369678507375,0.23668230193248752
185,1,235.56,0,1,At Risk,-1.655428627237715,0.22601086028854156
191,2,617.05,0,1,At Risk,-0.845303443031966,0.7510058824279281
44,2,348.1,0,2,Recent Customers,-0.561931025029143,-0.3767666351821147
52,1,202.68,0,1,At Risk,-1.246805620993994,-0.6243707776831966
26,1,615.49,0,2,Recent Customers,-0.46404166725152257,-0.6485786999289608
38,3,1247.69,1,3,Regular Customers,0.357352887537355,0.10673610018193055
9,3,202.11,0,2,Recent Customers,0.016128080558677035,-1.4174681522132757
297,1,142.4,0,1,At Risk,-2.072827346578999,0.342506978542532
33,3,1727.6,1,3,Regular Customers,0.563966809987693,0.13820475378234912
10,8,3212.84,1,0,Champions,2.0228671419783164,-0.041110050213611964
65,2,1043.46,0,3,Regular Customers,-0.1886077074736822,0.26515625318925024
10,9,4642.57,1,0,Champions,2.2927010563403933,0.1332257967003021
218,1,67.95,0,1,At Risk,-2.302367057208758,-0.11944997081434458
2,9,3479.91,1,0,Champions,2.652377806895405,-0.7953962508866731
65,2,487.99,0,1,At Risk,-0.5484506413206726,-0.011243215161123608
3,19,2612.96,1,0,Champions,3.033874481279769,-0.45219987677802626
149,1,574.7,0,1,At Risk,-1.1515497552926843,0.41356181224952854
4,13,4051.48,1,0,Champions,2.833792401595995,-0.28748637215634815
130,4,1475.81,0,3,Regular Customers,0.17598261921504854,1.0213018622089307
34,6,1449.32,1,3,Regular Customers,0.9760407088507209,0.30671717702004736
119,1,156.75,0,1,At Risk,-1.6801393871893766,-0.19938674643254117
107,6,2157.73,1,3,Regular Customers,0.7342004608852233,1.1658825781124758
11,7,2599.03,1,0,Champions,1.7825575115446215,-0.10819548802276456
71,6,2059.4500000000003,1,3,Regular Customers,0.8669937215760356,0.8918733469065369
92,9,1100.27,1,3,Regular Customers,0.794929256087627,0.9623943574287163
311,1,1063.0,0,1,At Risk,-1.140084597463774,1.1015318353746275
43,2,770.03,0,3,Regular Customers,-0.17764033496698242,-0.10242883447554739
362,1,121.05,0,1,At Risk,-2.2246363808085032,0.4088761247761881
92,7,1496.98,1,3,Regular Customers,0.7388909758998895,0.9890862596856266
1,13,5855.57,1,0,Champions,3.3584143359185035,-0.7342431564560362
22,2,490.22,0,2,Recent Customers,-0.14360599266246868,-0.6778562571111749
4,3,1937.25,1,2,Recent Customers,1.3505057472145858,-1.035309484030782
11,6,1051.79,1,3,Regular Customers,1.233055990523225,-0.4885434173191449
99,1,387.52,0,1,At Risk,-1.1831207945242732,0.013302484567747226
57,2,813.11,0,3,Regular Customers,-0.25738958473136114,0.09249923107240367
1,6,4263.64,1,0,Champions,2.580807372306158,-1.1149135591133683
218,1,265.2,0,1,At Risk,-1.6618462909541658,0.37254134708498843
18,1,322.08,0,2,Recent Customers,-0.6361802596622675,-1.1066701755611121
24,10,4481.67,1,0,Champions,2.048609671078083,0.6772893351561631
50,2,363.34000000000003,0,1,At Risk,-0.589482863200725,-0.2818591107969872
7,5,1224.06,1,2,Recent Customers,1.320314318729025,-0.7493542622105284
303,1,470.36,0,1,At Risk,-1.516204551036298,0.7885413590708926
10,6,2248.5,1,0,Champions,1.6263034973118093,-0.2671757693621585
22,6,1372.8,1,3,Regular Customers,1.1107231015805754,0.020815572030015245
99,1,89.06,0,1,At Risk,-1.8762738860999744,-0.519116323684875
366,1,63.0,0,1,At Risk,-2.5349127390525195,0.18071218283059995
306,1,131.9,0,1,At Risk,-2.1202486599334507,0.33367482689487177
320,1,2661.24,0,3,Regular Customers,-0.7160843670347927,1.4535832585109993
8,5,2357.6800000000003,1,0,Champions,1.5859465816723246,-0.4360926444592095
1,4,1712.89,1,0,Champions,1.84411031009397,-1.5756266111328796
205,2,1589.82,0,3,Regular Customers,-0.42390525699731973,1.1399544805508923
54,4,1420.2,1,3,Regular Customers,0.48930558241189726,0.4571524675403077
1,4,1010.35,1,2,Recent Customers,1.5940029403861105,-1.7677369390437718
19,5,1163.23,1,3,Regular Customers,0.9461443948580414,-0.18703356991222203
9,2,375.35,0,2,Recent Customers,0.048261612457558424,-1.302881264586061
19,4,885.8,1,3,Regular Customers,0.6521056217847918,-0.35591002124461407
181,3,483.25,0,1,At Risk,-0.68023741033247,0.7382873450336903
60,2,643.9,0,3,Regular Customers,-0.38713242246950086,0.039609474563692806
11,2,259.05,0,2,Recent Customers,-0.19665439372518745,-1.3219276188775153
190,1,119.93,0,1,At Risk,-1.9837154374836203,-0.0015503259479690125
5,9,3017.28,1,0,Champions,2.319979246117923,-0.407923321187795
311,1,113.64,0,1,At Risk,-2.1965002838251144,0.2900868781382888
155,1,1837.92,0,3,Regular Customers,-0.6158728392972954,0.8613928138731726
110,3,434.34,0,1,At Risk,-0.5418336038013251,0.38604267724028873
148,3,2103.06,0,3,Regular Customers,0.09273057687269629,1.1464863079003649
66,11,1980.57,1,3,Regular Customers,1.3636957027618992,1.0382068766325094
98,3,529.62,0,3,Regular Customers,-0.4042847793113997,0.38559672750400437
247,3,1038.44,0,3,Regular Customers,-0.43625889397363066,1.2126334805388916
29,7,2272.4,1,3,Regular Customers,1.3688825695169828,0.4237809485222406
18,4,596.26,1,2,Recent Customers,0.4842815370384336,-0.532384604272015
12,2,461.19,0,2,Recent Customers,0.045457329224872875,-1.0617309999343465
104,8,1852.67,1,3,Regular Customers,0.9001274459354653,1.188669299204491
74,2,234.34000000000003,0,1,At Risk,-0.9440377971537275,-0.19655157847729499
46,1,547.66,0,1,At Risk,-0.7310563315264175,-0.3396340348529832
72,3,925.85,0,3,Regular Customers,-0.023446932017838384,0.395594908975509
257,1,193.0,0,1,At Risk,-1.874469081551958,0.3612052335243202
20,4,1309.6,1,3,Regular Customers,0.8186829234148888,-0.18271439168790318
254,2,316.25,0,1,At Risk,-1.2699068236879107,0.6880164188847424
11,1,279.05,0,2,Recent Customers,-0.5284117407707466,-1.4500405923237467
165,2,636.51,0,1,At Risk,-0.7750207285050469,0.6700539558351676
18,6,2022.81,1,3,Regular Customers,1.3673942769866845,0.040792002476114274
282,1,137.1,0,1,At Risk,-2.0709550884215457,0.29605046645600874
50,1,321.92,0,1,At Risk,-1.0135948651526394,-0.48091074974068576
39,1,162.8,0,1,At Risk,-1.242626999062616,-0.8821297962981305
27,6,1165.48,1,3,Regular Customers,0.9580130751402591,0.08593712182895978
68,1,1064.28,0,1,At Risk,-0.5631190081480878,0.14542595133665667
207,1,463.38,0,1,At Risk,-1.3783141768623448,0.5425357221137612
175,2,340.93,0,1,At Risk,-1.0927479708509684,0.48025065930706823
7,5,2383.2400000000002,1,0,Champions,1.6360500449476223,-0.5068340439223253
26,1,139.56,0,2,Recent Customers,-1.1650368765686603,-1.1870211284075
51,2,123.8,0,1,At Risk,-1.1048989648602645,-0.6597486880077049
312,2,538.8100000000001,0,1,At Risk,-1.0961668206627768,1.0115194784981514
309,1,475.37,0,1,At Risk,-1.5186574290323889,0.8047820136899584
43,5,1957.32,1,3,Regular Customers,0.8915289689787987,0.5021939326137045
26,3,808.44,1,3,Regular Customers,0.2922729664505985,-0.28426317912024446
88,3,356.85,0,1,At Risk,-0.5503934591316089,0.17462121494686292
184,2,251.21,0,1,At Risk,-1.256105292632248,0.40102282143614404
20,11,2429.83,1,0,Champions,1.9037689081324523,0.3771560703571979
3,6,3543.26,1,0,Champions,2.228294300679743,-0.7428908149866681
47,4,673.26,0,3,Regular Customers,0.18775794241187432,0.09928771105762918
17,8,5859.43,1,0,Champions,2.119594140278933,0.4898865684590415
17,5,1960.65,1,3,Regular Customers,1.2337711994779315,-0.06381051722199335
24,6,1367.88,1,3,Regular Customers,1.077170348736546,0.07236749774854129
22,2,268.05,0,2,Recent Customers,-0.42904520037028204,-0.8971053734224007
11,5,1314.81,1,3,Regular Customers,1.1993118572574826,-0.46628838342562695
188,2,275.28,0,1,At Risk,-1.2210560916886264,0.4477816955664324
101,3,455.59000000000003,0,1,At Risk,-0.4869353087625711,0.34979614416306354
61,3,990.2,0,3,Regular Customers,0.0707704107753665,0.3165043587055558
18,6,2076.89,1,3,Regular Customers,1.3798982722337156,0.05039646407158523
33,2,330.45,0,2,Recent Customers,-0.47945610990459564,-0.5733555564184263
64,1,174.37,0,1,At Risk,-1.3957280179930127,-0.5494913475432118
2,2,270.6,1,2,Recent Customers,0.35351241294954655,-2.184922332676853
24,4,974.54,1,3,Regular Customers,0.6120862459615386,-0.1797165372081239
108,1,241.09,0,1,At Risk,-1.4403327201675256,-0.10434779571083541
32,9,1843.83,1,3,Regular Customers,1.4353420977597766,0.4934798994534338
20,9,4215.9,1,0,Champions,1.9999901378589016,0.5080427855237727
3,55,8507.13,1,0,Champions,4.5251143464261965,0.3714677325959137
37,1,364.21999999999997,0,2,Recent Customers,-0.8428296546758312,-0.6226078750746189
60,3,578.61,0,3,Regular Customers,-0.17743142036454004,0.11077845523385271
26,6,2862.11,1,3,Regular Customers,1.3976581491828153,0.38990788472798327
236,4,932.85,0,3,Regular Customers,-0.2678065751532889,1.2302153772486633
25,7,1949.72,1,3,Regular Customers,1.3509640341149256,0.2773125316377674
3,18,4397.3,1,0,Champions,3.2341888759828805,-0.28230621503028125
60,3,2854.84,1,3,Regular Customers,0.5787356658296066,0.6915990326277236
260,1,170.95,0,1,At Risk,-1.936094257601654,0.3245911941976709
58,1,355.56,0,1,At Risk,-1.0222686591621202,-0.352446916497497
65,2,388.25,0,1,At Risk,-0.6566151158281417,-0.09432558370632463
16,2,537.48,0,2,Recent Customers,0.015419802753271048,-0.8360277759891168
10,3,952.66,1,2,Recent Customers,0.7130295708249035,-0.7937839826003896
59,8,1453.35,1,3,Regular Customers,0.9988654414043595,0.745549746744531
186,1,103.25,0,1,At Risk,-2.0460046923529513,-0.06902266365908599
29,16,3599.73,1,0,Champions,2.268986457217669,0.8795965781686564
24,2,2004.3,1,3,Regular Customers,0.4915165697310578,-0.11268718278061733
5,5,2573.93,1,0,Champions,1.7824264677883286,-0.6611834511170718
4,8,3974.75,1,0,Champions,2.4249314163880076,-0.46345812291141053
151,2,652.8,0,1,At Risk,-0.7294002575497004,0.6233890289873153
311,1,289.24,0,1,At Risk,-1.756051787683008,0.6284003997292535
11,2,757.37,1,2,Recent Customers,0.3108331027339641,-0.9321206752863541
18,2,186.23,0,2,Recent Customers,-0.5279720498593986,-1.1502678482667867
152,1,164.22,0,1,At Risk,-1.7510068630627402,-0.028524016216843747
19,5,859.27,1,3,Regular Customers,0.8026796643292106,-0.2972304683792062
10,4,2279.4900000000002,1,3,Regular Customers,1.3283304787335284,-0.39089987146247895
57,2,312.54,0,1,At Risk,-0.7098139060408454,-0.2550130586420107
85,1,788.38,0,1,At Risk,-0.7893763689953249,0.175876028841219
7,22,2237.77,1,0,Champions,2.8220932439166897,-0.015757005304182354
76,3,1080.76,0,3,Regular Customers,0.02945711858794382,0.4857016655773652
4,18,5006.77,1,0,Champions,3.2104808864235155,-0.09358376886245924
96,4,3099.12,1,3,Regular Customers,0.6423809225184492,1.1008908380925
111,1,1432.0,0,1,At Risk,-0.607553404137852,0.5604980596203258
57,2,1530.3600000000001,0,3,Regular Customers,0.04218949164813822,0.32260934204487235
1,1,227.39,0,2,Recent Customers,0.05935009520019694,-2.660167386412263
281,2,218.06,0,1,At Risk,-1.4839533252611634,0.6169369232144882
3,7,2804.54,1,0,Champions,2.2382956714098463,-0.7769391144039711
180,9,1639.82,1,3,Regular Customers,0.7296187480568496,1.5297506361885267
372,1,35.400000000000006,0,1,At Risk,-2.80868020344147,-0.01453324909051993
13,4,859.71,1,2,Recent Customers,0.7741955769370228,-0.5928948825220486
3,1,168.63,0,2,Recent Customers,-0.34646124925320715,-2.329083654525934
17,1,138.6,0,2,Recent Customers,-1.013399523326866,-1.4465559968492354
41,1,114.11,0,1,At Risk,-1.4285269007709676,-0.9796759333417328
6,5,986.96,1,2,Recent Customers,1.2693308128725433,-0.9123460022985136
169,4,1033.06,0,3,Regular Customers,-0.09255152258385937,1.0567069239120441
50,1,157.05,0,1,At Risk,-1.3523757762654327,-0.7411322378153903
277,1,237.36,0,1,At Risk,-1.8053496381168281,0.4835342543324675
19,9,1580.29,1,0,Champions,1.553547997674782,0.11987977628471658
372,1,39.75,0,1,At Risk,-2.755154174025997,0.02658070558736806
15,4,1320.21,1,3,Regular Customers,0.9263841454392893,-0.3521663776444681
35,3,557.94,0,2,Recent Customers,0.006798940418867025,-0.23675622999404664
22,3,617.15,0,2,Recent Customers,0.2256857451451282,-0.484103809175794
7,2,363.33,0,2,Recent Customers,0.11811114575341977,-1.456161863886728
20,6,1740.6,1,3,Regular Customers,1.2579550316634287,0.049543155395549994
11,2,866.24,1,2,Recent Customers,0.3744383976138239,-0.8832647216592713
44,1,221.97,0,1,At Risk,-1.1413945471695046,-0.6951455515255894
306,1,393.33000000000004,0,1,At Risk,-1.6045612673128735,0.7297802044036209
11,1,213.96,0,2,Recent Customers,-0.6538335647328799,-1.5463785281338422
275,1,660.0,0,1,At Risk,-1.3189662644799225,0.8504351620513015
1,93,12076.15,1,0,Champions,5.4246550637445665,0.2577585619718748
16,14,16209.5,1,0,Champions,3.0860777287210515,1.0196073318101657
4,4,1785.15,1,0,Champions,1.5136701995312385,-0.9797165496610734
72,4,601.56,0,3,Regular Customers,-0.025706561488578195,0.32412371631187675
243,3,406.08000000000004,0,1,At Risk,-0.874533943150231,0.8609101668878741
9,3,553.44,1,2,Recent Customers,0.4922802568736343,-1.0517302260010326
246,1,394.44,0,1,At Risk,-1.5201593805773321,0.5929486381800599
206,2,412.78000000000003,0,1,At Risk,-1.0642864115752368,0.6525612219212398
1,5,1788.3600000000001,1,0,Champions,2.029518455134454,-1.490190586193828
185,1,320.58000000000004,0,1,At Risk,-1.509841784600151,0.33783777730935155
32,5,886.7,1,3,Regular Customers,0.626267087985122,0.03166044166853947
57,2,225.85,0,1,At Risk,-0.8632686331828522,-0.37288338763376366
196,2,899.63,0,1,At Risk,-0.6765924871803284,0.9044354146314119
24,4,2791.27,1,3,Regular Customers,1.1107172407420893,0.20328762626661478
91,2,671.96,0,1,At Risk,-0.523906439806127,0.31561474800521566
4,2,955.26,1,2,Recent Customers,0.7551973845889441,-1.4026678835133923
51,3,1006.98,0,3,Regular Customers,0.1459200747151897,0.211114951024678
263,1,114.56,0,1,At Risk,-2.1288959880800027,0.18709641687993084
266,1,344.90000000000003,0,1,At Risk,-1.6133672827957652,0.5935585803871156
36,2,609.85,0,2,Recent Customers,-0.22187026394188034,-0.2970863848045362
51,1,443.6,0,1,At Risk,-0.8693916286082266,-0.3521391777547878
52,6,2984.49,1,3,Regular Customers,1.1598636579838277,0.8327130769100171
24,6,2107.38,1,3,Regular Customers,1.2819709334216034,0.22967716649658854
22,1,110.46,0,2,Recent Customers,-1.2137755349205894,-1.373152073355617
59,1,96.12,0,1,At Risk,-1.645354423121597,-0.8154600797157856
170,2,693.8100000000001,0,1,At Risk,-0.7455469721570832,0.7202129950257411
68,2,830.76,0,3,Regular Customers,-0.3135587928811515,0.21040236883985133
157,2,597.09,0,1,At Risk,-0.7864175364907602,0.6154954215642687
2,73,280206.02,1,0,Champions,6.544144884421395,1.5684234272679451
201,1,236.04000000000002,0,1,At Risk,-1.6859903670149765,0.2790621510680464
5,4,1402.59,1,2,Recent Customers,1.3297383819269257,-0.9519202520192113
67,2,653.75,0,3,Regular Customers,-0.4214429797415848,0.11399705317325545
77,1,114.18,0,1,At Risk,-1.6647103890607373,-0.5870233516380954
1,7,1926.65,1,0,Champions,2.3251285891054354,-1.353033819907439
8,4,1932.23,1,3,Regular Customers,1.3266566610745512,-0.578278105232673
169,2,291.05,0,1,At Risk,-1.1542634878374896,0.4008341344873571
18,4,848.22,1,3,Regular Customers,0.6511680547191158,-0.40419716352210233
5,2,247.15,0,2,Recent Customers,0.0459167528285313,-1.7783980116342462
9,9,2529.93,1,0,Champions,2.0413459378158607,-0.1482291148352071
87,2,285.74,0,1,At Risk,-0.911432809183594,-0.02327115523209816
27,1,107.95,0,2,Recent Customers,-1.299718183212914,-1.2567457376475504
29,4,741.37,1,3,Regular Customers,0.4129273173955354,-0.1636163574511634
20,2,636.24,0,2,Recent Customers,0.014546048117540766,-0.6407408119672994
61,5,1835.7,1,3,Regular Customers,0.7301235737182236,0.6962474208124191
24,1,195.25,0,2,Recent Customers,-0.9773861653626535,-1.1142545195887141
11,25,9175.04,1,0,Champions,3.4470210460394832,0.8019514545266624
242,3,1259.24,0,3,Regular Customers,-0.33714674688207646,1.269874975244158
280,2,392.86,0,1,At Risk,-1.20443302683359,0.8283453276904474
235,2,765.55,0,1,At Risk,-0.8220233628068849,0.9602342715512041
3,5,1736.4,1,0,Champions,1.7507650719140109,-1.0615121827683722
16,1,596.36,0,2,Recent Customers,-0.30226681090108426,-0.9533328583728484
31,6,2548.2400000000002,1,3,Regular Customers,1.2777013509195714,0.45532406539052633
25,16,28754.11,1,0,Champions,3.3087936879376705,1.5455794057511423
71,3,498.95,0,3,Regular Customers,-0.310866383020085,0.16203346761774887
188,2,52.0,0,1,At Risk,-2.003945207646668,-0.1535643781628035
26,5,1201.51,1,3,Regular Customers,0.8468445007670362,0.014995917008441639
107,1,628.38,0,1,At Risk,-0.9837915932950576,0.2377795673670678
8,21,5579.1,1,0,Champions,3.1699145267422635,0.3745267479606126
209,1,112.8,0,1,At Risk,-2.0487559976191774,0.03643595877003115
44,2,355.05,0,2,Recent Customers,-0.5525841120406748,-0.3695871645361012
31,5,2114.33,1,3,Regular Customers,1.049746367978424,0.328403526974539
137,4,591.55,0,3,Regular Customers,-0.2769037390588954,0.7217092958647793
265,1,172.9,0,1,At Risk,-1.9379961114278683,0.3407277161659533
4,7,2078.95,1,0,Champions,2.0111631963588157,-0.7444693394731307
218,2,188.60999999999999,0,1,At Risk,-1.4558275711755753,0.4040730444835045
2,5,1217.27,1,0,Champions,1.6923537765641903,-1.3731613758097299
214,1,109.13000000000001,0,1,At Risk,-2.07328791085036,0.039413791435197416
32,3,2195.1,1,3,Regular Customers,0.6888697804966284,0.20645991979362005
11,9,2526.09,1,0,Champions,1.9709795184575838,-0.033201937424145976
1,17,3251.79,1,0,Champions,3.306991288461627,-0.8522811333483767
15,1,318.17,0,2,Recent Customers,-0.5763071675673,-1.2200468070159831
11,9,1493.96,1,0,Champions,1.7220625524308955,-0.22439790266830323
199,1,179.0,0,1,At Risk,-1.8127111343375375,0.1724990136564615
3,3,1126.37,1,2,Recent Customers,1.1788021807215563,-1.3741297787932012
15,13,4921.04,1,0,Champions,2.481644129632396,0.5206758165380598
14,4,599.48,1,2,Recent Customers,0.5771310205601865,-0.6802816787483744
10,11,2839.62,1,0,Champions,2.224647686885062,0.02397513679892551
29,3,917.07,1,3,Regular Customers,0.311736338785672,-0.17160675867882605
9,11,2662.2,1,0,Champions,2.230475829355629,-0.05993437389264944
24,1,160.19,0,2,Recent Customers,-1.0707026171963763,-1.1859319522937053
25,4,867.38,1,3,Regular Customers,0.5419304379661817,-0.19723257194313598
43,2,307.51,0,2,Recent Customers,-0.6119540368233858,-0.436030150491487
2,5,1581.84,1,0,Champions,1.8164824303491436,-1.277816738785963
6,3,663.81,1,2,Recent Customers,0.7146088488443514,-1.2117206452073144
147,1,180.42000000000002,0,1,At Risk,-1.6939637070281752,-0.015520417735010651
10,6,1122.3600000000001,1,0,Champions,1.2970575703990102,-0.5200733271447423
25,1,655.58,0,2,Recent Customers,-0.419751978867045,-0.6495578876529666
274,1,268.58,0,1,At Risk,-1.7428444382551929,0.5214834183714553
374,1,313.49,0,1,At Risk,-1.7882617526636928,0.7742209385995431
1,8,1897.57,1,0,Champions,2.4244983746976314,-1.3135156325391901
47,3,380.02,0,2,Recent Customers,-0.2847868312823155,-0.19394378253742206
8,8,2702.4900000000002,1,0,Champions,2.017530567471297,-0.23130168936229276
16,12,9585.91,1,0,Champions,2.707536152114291,0.7735662789320982
4,32,6065.69,1,0,Champions,3.800979865905651,0.18745592969265487
4,3,1164.55,1,2,Recent Customers,1.1093538214631669,-1.2205410331313216
43,7,1314.45,1,3,Regular Customers,0.9631708803243482,0.4673181484780528
4,7,3902.28,1,0,Champions,2.309631494072328,-0.515212430283594
197,3,1448.21,0,3,Regular Customers,-0.19266838189365834,1.1909337614449513
12,6,1400.34,1,0,Champions,1.3380812792955918,-0.33364445454969593
16,7,1099.98,1,3,Regular Customers,1.2420526087543167,-0.20036024878151973
113,5,1220.26,1,3,Regular Customers,0.3039654227129755,0.9337278139135119
249,1,328.2,0,1,At Risk,-1.6116997281585677,0.5338309948957826
29,5,1415.75,1,3,Regular Customers,0.884336920927116,0.1415006550489328
44,1,389.64,0,1,At Risk,-0.8755122032616252,-0.49091828571761925
87,1,563.15,0,1,At Risk,-0.957440283388256,0.06810361307067096
45,2,638.05,0,2,Recent Customers,-0.28364095799072914,-0.14262665217704115
10,11,5010.28,1,0,Champions,2.4938111146148234,0.2307226405737382
15,1,738.96,0,2,Recent Customers,-0.17760291380090987,-0.9137975148819827
75,1,420.5,0,1,At Risk,-1.0396545822854377,-0.13099928893997131
145,4,1484.06,0,3,Regular Customers,0.13721191865499474,1.0920553236672512
5,3,1625.97,1,2,Recent Customers,1.1978507051014575,-0.9834891378267956
297,1,89.2,0,1,At Risk,-2.292649894514563,0.17365876821016044
59,2,255.9,0,1,At Risk,-0.8172350033638393,-0.3060857277557885
264,1,300.52,0,1,At Risk,-1.6756030000931428,0.538782003756515
47,1,278.3,0,1,At Risk,-1.0592449542185722,-0.5721955246989474
29,3,254.11,0,2,Recent Customers,-0.29545722527327173,-0.6379990718401656
8,6,2473.37,1,0,Champions,1.748135823878831,-0.35968752281239674
17,2,192.60000000000002,0,2,Recent Customers,-0.4914549568152812,-1.1723580474234623
3,8,10416.98,1,0,Champions,2.9669352217715756,-0.25407163190902965
232,2,876.42,0,1,At Risk,-0.753084618867131,1.001322956503611
112,1,139.26,0,1,At Risk,-1.7128995625656236,-0.2802877608551468
58,3,1011.9,0,3,Regular Customers,0.09998487051681755,0.29295045081406923
51,11,2538.3,1,0,Champions,1.5781027776707401,0.96785882214447
127,2,730.86,0,1,At Risk,-0.6102748665697632,0.5555247652070219
281,3,386.15,0,1,At Risk,-0.9536253222315874,0.9343831661526945
55,2,447.68,0,1,At Risk,-0.5264798026074035,-0.14673407725518955
320,1,200.10000000000002,0,1,At Risk,-1.9408854800933069,0.5127995313855741
26,2,289.99,0,2,Recent Customers,-0.45312592807989105,-0.7669078308002223
10,2,77.4,0,2,Recent Customers,-0.7319524409744554,-1.8137864187248263
7,2,679.4399999999999,1,2,Recent Customers,0.4143064493774056,-1.2286508674241474
29,1,197.64,0,2,Recent Customers,-1.041293085051011,-0.9942657266875611
17,4,745.06,1,2,Recent Customers,0.6104126695143037,-0.48564123598618486
64,1,6.2,0,1,At Risk,-2.9096199477916653,-1.712329033593744
21,1,228.99,0,2,Recent Customers,-0.8533309656582363,-1.137512953768711
3,7,1319.91,1,0,Champions,1.8811260760389883,-1.051285160930484
166,1,131.45000000000002,0,1,At Risk,-1.8892758898086173,-0.05353482408714435
1,17,7975.49,1,0,Champions,3.7323018904644054,-0.5255952011818401
53,3,173.74,0,1,At Risk,-0.6994089676479723,-0.4031933401533757
51,1,157.7,0,1,At Risk,-1.3578474223136463,-0.7273276530417455
48,12,4331.79,1,0,Champions,1.926582252761148,1.1554089166813106
61,1,189.34,0,1,At Risk,-1.3388375703274602,-0.5496132454953876
162,3,845.55,0,3,Regular Customers,-0.37327154750501346,0.8718246566222048
9,1,353.27,0,2,Recent Customers,-0.3472954824404005,-1.479999553209023
15,4,546.4,1,2,Recent Customers,0.5085945560972283,-0.6730753340659074
75,1,193.39000000000001,0,1,At Risk,-1.4066288546223782,-0.41287641985322016
40,8,2718.6,1,3,Regular Customers,1.4411059457749755,0.7321292449257798
41,11,2085.33,1,0,Champions,1.5665246671558095,0.7609069777378238
370,2,152.88,0,1,At Risk,-1.7561922096342668,0.6621953873997156
37,2,778.5,0,2,Recent Customers,-0.11645775901799044,-0.1913869587442406
197,1,271.85,0,1,At Risk,-1.611639646554514,0.31762411217649683
200,2,1110.34,0,3,Regular Customers,-0.584590675957031,0.9937439441947883
74,3,657.8,0,3,Regular Customers,-0.19563513993914963,0.2884002976354565
64,2,272.07,0,1,At Risk,-0.8188681010751722,-0.2331122901148632
21,4,507.29,1,2,Recent Customers,0.3517978315132072,-0.49819369217826476
367,1,48.800000000000004,0,1,At Risk,-2.65490269388229,0.09106993861690478
180,3,321.43,0,1,At Risk,-0.870979026577679,0.5866671351525963
10,4,1127.71,1,2,Recent Customers,0.9948497881768481,-0.6470501995780656
4,12,2221.01,1,0,Champions,2.481806927890201,-0.534690636321576
197,3,2139.76,0,3,Regular Customers,-0.007680229364448291,1.333025274715941
29,4,697.55,1,3,Regular Customers,0.38407921283800944,-0.18577491612389432
53,1,188.88,0,1,At Risk,-1.2872117088413813,-0.6380729512384115
18,6,1720.3,1,3,Regular Customers,1.2906275179922024,-0.018173422094591343
10,3,102.44999999999999,0,2,Recent Customers,-0.3401736752201719,-1.6027614277307367
90,4,1649.5,1,3,Regular Customers,0.3678821510038023,0.8308323468411482
268,1,62.85,0,1,At Risk,-2.417357486966201,-0.017074903963811422
53,6,3295.76,1,3,Regular Customers,1.1997482852191839,0.8806831188547406
44,4,2824.69,1,3,Regular Customers,0.8918252680588852,0.5802398811849044
64,4,3189.81,1,3,Regular Customers,0.8089755728403683,0.8576127322481459
149,1,309.4,0,1,At Risk,-1.4444474520806962,0.18858374526967428
22,25,7930.54,1,0,Champions,3.1293904227480263,1.1613000230320554
312,1,325.75,0,1,At Risk,-1.7010928246383998,0.6735825389724293
23,2,511.35,0,2,Recent Customers,-0.13989419576403747,-0.635537400823639
58,6,2836.69,1,3,Regular Customers,1.0948215202334108,0.8822079235413868
24,2,475.8,0,2,Recent Customers,-0.18958505465596498,-0.6358491214090911
78,7,2740.03,1,3,Regular Customers,1.0877070602077334,1.105716728614304
119,2,645.65,0,1,At Risk,-0.6443141753128891,0.46952879729453234
36,3,1290.53,1,3,Regular Customers,0.3934571695753218,0.08564889172868362
60,2,1173.12,0,3,Regular Customers,-0.10302839550802001,0.2578330232904934
13,4,1353.74,1,3,Regular Customers,0.9892759537580262,-0.42768918799755506
19,1,170.32,0,2,Recent Customers,-0.9565627487129584,-1.3051926391619495
52,1,125.79,0,1,At Risk,-1.4715638718609565,-0.797010157822877
26,2,841.1999999999999,0,2,Recent Customers,0.050772751540134185,-0.37985749842200545
29,1,266.76,0,2,Recent Customers,-0.8997116976082384,-0.8855154455603778
7,2,52.2,0,2,Recent Customers,-0.7941649337645323,-2.1568915424490522
11,12,14389.9,1,0,Champions,3.0331893859895995,0.7007010183217334
186,3,710.28,0,3,Regular Customers,-0.508294142096552,0.8954919873584557
3,8,2953.59,1,0,Champions,2.3694170624510487,-0.7130321561585151
9,2,721.45,1,2,Recent Customers,0.3574720378838468,-1.0653732043817719
262,1,327.25,0,1,At Risk,-1.6324346851057736,0.5649146451489949
3,4,501.28000000000003,1,2,Recent Customers,0.997368393773553,-1.5832266887090716
210,1,519.68,0,1,At Risk,-1.329525618449608,0.5932905148694553
108,2,1465.3200000000002,0,3,Regular Customers,-0.2193934354180035,0.7067559821418394
13,9,1476.09,1,0,Champions,1.6574753360021397,-0.13105599846648697
77,3,690.59,0,3,Regular Customers,-0.1875860756380865,0.330954318727442
20,1,255.4,0,2,Recent Customers,-0.7840183305087624,-1.1274135991960543
27,2,589.7,0,2,Recent Customers,-0.1313069745004089,-0.4859893750821048
19,6,761.59,1,3,Regular Customers,0.8850166359109553,-0.2821607880353459
132,1,765.3199999999999,0,1,At Risk,-0.9699859573635737,0.4414753125272351
253,1,364.8,0,1,At Risk,-1.5677772359899231,0.5822885595862138
79,1,1862.0,0,3,Regular Customers,-0.35459475543145047,0.44276997652559985
207,1,369.2,0,1,At Risk,-1.4857861726765993,0.45998525436372734
336,1,135.9,0,1,At Risk,-2.141803815278855,0.40357998476883505
254,1,125.65,0,1,At Risk,-2.072195743773022,0.19848276881214125
148,2,554.38,0,1,At Risk,-0.7991433994239014,0.5513324725776569
10,2,1237.8500000000001,1,2,Recent Customers,0.576771373247359,-0.8085407060990082
85,1,655.75,0,1,At Risk,-0.8765946281358661,0.1088826876098991
8,20,11138.710000000001,1,0,Champions,3.4556086257397225,0.6085098182035489
205,2,468.77000000000004,0,1,At Risk,-1.002262034427069,0.6957120326322357
8,4,1366.38,1,2,Recent Customers,1.162458639821767,-0.7044004811628083
23,6,1269.31,1,3,Regular Customers,1.0573297128400012,0.01927128285592044
11,9,1421.29,1,0,Champions,1.698434811031431,-0.24254664076165441
26,1,332.66,0,2,Recent Customers,-0.7551350542358455,-0.872170855936082
21,5,2795.33,1,3,Regular Customers,1.3252139182054705,0.1925202349830864
2,2,1025.44,1,2,Recent Customers,0.9839123697182921,-1.7007049241641996
158,2,616.15,0,1,At Risk,-0.7739529579696426,0.6309204331935634
3,7,3501.1,1,0,Champions,2.3434476109485796,-0.6961707083835963
74,1,277.8,0,1,At Risk,-1.2305753252216214,-0.28993069237345553
3,4,434.35,1,2,Recent Customers,0.9295606269002789,-1.6353106090835325
1,201,143711.17,1,0,Champions,7.291094114852957,1.4523267624433533
17,2,867.85,0,2,Recent Customers,0.2204309728488758,-0.625550332230279
36,4,1227.43,1,3,Regular Customers,0.5716203039089486,0.15276248510127466
91,2,307.48,0,1,At Risk,-0.8937614698569019,0.0315248741820598
71,4,1268.98,1,3,Regular Customers,0.33307823400257847,0.5869191389532246
116,2,1610.15,0,3,Regular Customers,-0.20178702014198108,0.7859604174814301
213,2,977.77,0,1,At Risk,-0.6687605671872198,0.9872103231933452
30,2,1316.07,0,3,Regular Customers,0.2100169930109877,-0.12942605760784637
51,1,749.1,0,1,At Risk,-0.6213933214561711,-0.16164884488703804
246,1,310.05,0,1,At Risk,-1.6339782404386065,0.5055230716486385
32,1,223.88,0,2,Recent Customers,-1.0188715824829564,-0.8886573409165548
109,3,2362.96,0,3,Regular Customers,0.26387855790033565,0.9965270017459155
5,5,1257.68,1,0,Champions,1.4430454556157368,-0.9218658836713902
366,1,363.53,0,1,At Risk,-1.7100120946592434,0.8143277914926043
82,2,1890.94,0,3,Regular Customers,0.005540872028774383,0.6268201768086533
297,1,1784.71,0,1,At Risk,-0.877038584020541,1.2610059878104156
34,8,8137.02,1,0,Champions,2.02125113569538,1.0310158997307992
57,3,1621.88,1,3,Regular Customers,0.33002465451340257,0.453794064203327
30,12,5900.25,1,0,Champions,2.247965133304728,0.9776939226805851
14,1,100.9,0,2,Recent Customers,-1.0930121255691123,-1.6767837741190135
72,2,290.82,0,1,At Risk,-0.8317192415687841,-0.13534353105051414
23,6,1101.97,1,3,Regular Customers,0.9903531425702523,-0.032174185911743876
19,1,371.2,0,2,Recent Customers,-0.588666308112781,-1.022607180270815
79,1,311.69,0,1,At Risk,-1.2008349210369371,-0.2072367621631919
60,11,8099.49,1,0,Champions,2.067161946731707,1.4915442384975248
25,1,285.67,0,2,Recent Customers,-0.8126907673957539,-0.9513786600729598
12,1,294.85,0,2,Recent Customers,-0.5329641469237841,-1.379309508847211
253,1,58.49,0,1,At Risk,-2.4289757854806764,-0.07920788465012803
147,3,483.72999999999996,0,1,At Risk,-0.6007725960818906,0.6075537737375744
64,4,695.42,0,3,Regular Customers,0.087274228558935,0.30326568495567724
8,2,221.27,0,2,Recent Customers,-0.16119385937130987,-1.5614727871272909
11,9,7044.68,1,0,Champions,2.4571531284027226,0.34023356644476593
271,1,126.7,0,1,At Risk,-2.092934518354084,0.24240306513593768
10,5,1472.34,1,3,Regular Customers,1.2861672967116393,-0.48026398262551684
247,1,206.21,0,1,At Risk,-1.8281335662943072,0.36013703339966613
96,2,596.09,0,1,At Risk,-0.6008402485157994,0.3055987541380667
15,1,183.02,0,2,Recent Customers,-0.8374148799094304,-1.4206066237726873
50,1,463.8,0,1,At Risk,-0.8409061820691378,-0.3482665994606587
30,1,147.59,0,2,Recent Customers,-1.1914676581486021,-1.0792087939588015
68,4,1592.06,1,3,Regular Customers,0.45680590722547865,0.6424879955403487
35,3,1097.98,1,3,Regular Customers,0.32737343839708777,0.009480704161077921
128,1,114.77,0,1,At Risk,-1.854472327963946,-0.2662270931696417
107,3,1314.45,0,3,Regular Customers,-0.0070428297921529565,0.7714130615255711
37,1,89.94,0,1,At Risk,-1.5020481107920174,-1.1289611021599255
57,1,279.94,0,1,At Risk,-1.1287590050726246,-0.45009594042581286
57,7,790.86,1,3,Regular Customers,0.6169852334689451,0.4575933736385305
72,5,1921.3700000000001,1,3,Regular Customers,0.6893496822469158,0.8163884965832081
246,1,102.12,0,1,At Risk,-2.157474574860195,0.10341955673281637
19,2,202.37,0,2,Recent Customers,-0.5083584550753644,-1.0876354357430138
198,2,292.01,0,1,At Risk,-1.2128745686976978,0.5018783021600666
16,2,326.4,0,2,Recent Customers,-0.22050468373840143,-1.0172440692757347
212,1,334.54,0,1,At Risk,-1.5414707329016653,0.4392417285226487
39,2,231.98000000000002,0,2,Recent Customers,-0.7086893992931498,-0.5987198610180061
46,3,546.1999999999999,0,3,Regular Customers,-0.10511793995470999,-0.07546199504892326
170,2,414.87,0,1,At Risk,-0.9889147643264026,0.5332794136154506
48,1,490.52,0,1,At Risk,-0.7991210976741612,-0.3532700626336298
116,4,1641.76,0,3,Regular Customers,0.2696517644967287,0.9884376335673835
147,1,1220.77,0,1,At Risk,-0.7896347274955019,0.6791050025405795
16,28,6295.37,1,0,Champions,3.234201125276258,0.9273589342490475
51,1,480.38,0,1,At Risk,-0.831704807163735,-0.3231914996672636
159,1,156.91,0,1,At Risk,-1.7895526895613265,-0.016645544137326287
12,3,1259.43,1,2,Recent Customers,0.7814577025901436,-0.5863054597305185
36,1,308.94,0,2,Recent Customers,-0.9104614080293247,-0.6992874742446207
54,2,405.04,0,1,At Risk,-0.5669451194522587,-0.19452546308519586
43,2,257.67,0,2,Recent Customers,-0.6955007866922162,-0.5002033635077122
173,1,170.04,0,1,At Risk,-1.7837234028040525,0.0656197366805074
34,1,125.58,0,1,At Risk,-1.3138421355162633,-1.0606616829748932
39,3,496.21000000000004,0,2,Recent Customers,-0.08893883036100941,-0.21258712364246643
267,1,252.81,0,1,At Risk,-1.7615766921645342,0.4831839838232243
9,9,1871.77,1,0,Champions,1.8985453588531234,-0.25791587089697643
12,4,852.39,1,2,Recent Customers,0.7984549224809615,-0.6429852464083906
3,11,6720.41,1,0,Champions,3.0194558357218395,-0.30363470301659573
10,10,1636.43,1,0,Champions,1.8847048483326403,-0.20994654350509281
33,1,361.96,0,2,Recent Customers,-0.803284898801882,-0.6953785137747506
80,3,469.0,0,3,Regular Customers,-0.3851504161100814,0.2142014951662346
31,4,1066.1499999999999,1,3,Regular Customers,0.5603443337075967,0.009466322877257394
8,4,627.13,1,2,Recent Customers,0.793610836344358,-0.9877166927483583
72,2,518.28,0,1,At Risk,-0.5584605182380034,0.07454961606028995
4,4,653.19,1,2,Recent Customers,1.037418913235595,-1.3455306033817185
256,3,4959.1,0,3,Regular Customers,0.29110755142791717,1.8043896203657042
5,10,2557.18,1,0,Champions,2.3278006131154476,-0.43170143171221764
16,8,4274.16,1,0,Champions,1.9918791888719996,0.338781233310588
90,1,252.73000000000002,0,1,At Risk,-1.3491196299981645,-0.20166240129042257
72,3,429.56,0,3,Regular Customers,-0.38698439500643217,0.1163576305849959
59,6,685.74,1,3,Regular Customers,0.4156741373337105,0.3761331903645566
10,47,19766.59,1,0,Champions,4.398923242861874,1.260824251347084
170,1,179.93,0,1,At Risk,-1.750426194990762,0.07506741901087456
199,1,135.93,0,1,At Risk,-1.9423865178223858,0.07289387018410569
31,1,537.0,0,2,Recent Customers,-0.5935149433169756,-0.5904722345829819
19,17,7634.7300000000005,1,0,Champions,2.8320173904909804,0.9181949979921883
152,2,735.66,0,1,At Risk,-0.6753265775412923,0.6710046648831486
9,15,5090.42,1,0,Champions,2.7980543526528674,0.28612441921483345
270,1,343.62,0,1,At Risk,-1.6208055182546257,0.601635075345888
65,4,381.0,0,3,Regular Customers,-0.20330365216619822,0.09422783005001219
274,1,121.17000000000002,0,1,At Risk,-2.118115649485038,0.23323331390994834
25,3,1737.69,1,3,Regular Customers,0.6692027611358251,-0.02973770109851812
23,3,1383.3600000000001,1,3,Regular Customers,0.5917217005496277,-0.16347962753161988
319,1,207.73000000000002,0,1,At Risk,-1.9220363983998292,0.5243842671724974
5,3,693.95,1,2,Recent Customers,0.7945175014389017,-1.293293979257381
12,2,302.1,0,2,Recent Customers,-0.15459519684723283,-1.2153936306197421
275,2,1489.5,0,3,Regular Customers,-0.5665346387181536,1.3016728547820822
25,11,2102.54,1,0,Champions,1.7536158605079917,0.45988036457266557
41,9,1337.72,1,3,Regular Customers,1.1911696939268277,0.5295706241057412
8,4,294.25,1,2,Recent Customers,0.43565909504605815,-1.2626635144970109
4,48,54534.14,1,0,Champions,5.199943757348765,1.1384752027290543
71,4,987.86,0,3,Regular Customers,0.2144427745282255,0.49579388723393825
213,1,370.79999999999995,0,1,At Risk,-1.494604528278263,0.47958377703019794
38,4,3158.13,1,3,Regular Customers,0.9993787551835323,0.5301479582014447
53,1,893.59,0,1,At Risk,-0.5522832909147638,-0.07356603757236908
78,3,1744.76,0,3,Regular Customers,0.24659291835467495,0.6762657368413066
46,2,553.36,0,2,Recent Customers,-0.3592662241905617,-0.18077144089164962
179,1,1109.53,0,1,At Risk,-0.9096731947980174,0.7684263895640367
373,1,106.2,0,1,At Risk,-2.2975545103177306,0.3805511090140472
94,2,982.07,0,3,Regular Customers,-0.3564617934204789,0.4739880859722111
10,3,1043.41,1,2,Recent Customers,0.7561304049427353,-0.7606777395285389
105,1,735.67,0,1,At Risk,-0.9020168640495329,0.28325746697748505
78,1,773.03,0,1,At Risk,-0.7662560360474296,0.11490327364285907
173,1,880.85,0,1,At Risk,-1.0060492414447522,0.662960144206565
7,32,9743.11,1,0,Champions,3.846117957878918,0.6579862515762042
213,4,895.61,0,3,Regular Customers,-0.2481063278674962,1.1506793498547652
22,5,504.8,1,2,Recent Customers,0.4974645127100131,-0.4020610678267647
257,1,88.2,0,1,At Risk,-2.2428771018687277,0.07822682440856098
282,1,306.94,0,1,At Risk,-1.690716991742363,0.5881156923730833
21,2,1160.07,0,2,Recent Customers,0.2812455597835003,-0.3927453979525463
10,6,2420.84,1,0,Champions,1.6613054769529456,-0.2402903489355498
308,1,381.32,0,1,At Risk,-1.6217074935965103,0.7226317854801774
68,1,480.71,0,1,At Risk,-0.9394328904214356,-0.14362504066488732
215,2,457.81,0,1,At Risk,-1.031563000568592,0.7171642304353307
18,6,4597.02,1,0,Champions,1.7565071452343517,0.3396740418207471
104,4,1370.6,0,3,Regular Customers,0.22545156377905748,0.8541347708001009
43,1,219.39000000000001,0,1,At Risk,-1.138328434369072,-0.7136307037411501
4,1,248.08,0,2,Recent Customers,-0.24955263172492753,-2.0477142145243334
182,3,39916.5,1,3,Regular Customers,1.409628977219456,2.3486189906180366
84,1,410.48,0,1,At Risk,-1.0938148826007392,-0.06881302800045776
334,3,876.0,0,1,At Risk,-0.6316998160974076,1.3413697543745757
9,2,317.53,0,2,Recent Customers,-0.030828909520100763,-1.363631598050922
31,2,703.36,0,2,Recent Customers,-0.0988731811360029,-0.3372458810720652
197,2,993.54,0,1,At Risk,-0.6314971598593551,0.943769118569736
18,7,2298.93,1,0,Champions,1.5488646049065653,0.13845096794566322
18,5,1422.52,1,3,Regular Customers,1.0610780945502134,-0.14631866847423813
311,6,319.5,0,1,At Risk,-0.5754515451774898,1.1437266207380943
142,4,1300.25,0,3,Regular Customers,0.08249286238666118,1.0307712980491546
246,1,484.95,0,1,At Risk,-1.4224327577736717,0.6680135735890596
24,4,996.1,1,3,Regular Customers,0.622451240010876,-0.17175506686865114
29,3,1567.48,1,3,Regular Customers,0.5656886678502677,0.02345692643897052
10,3,3509.43,1,3,Regular Customers,1.3309427425458487,-0.31915781633256773
30,10,2760.56,1,0,Champions,1.7367456415226814,0.6372271772211872
18,1,340.11,0,2,Recent Customers,-0.6104312252826473,-1.0868920480959532
18,4,1352.75,1,3,Regular Customers,0.8722741493810151,-0.23436304628593427
15,5,1551.78,1,3,Regular Customers,1.1679353983340095,-0.223606190181089
134,1,244.8,0,1,At Risk,-1.5148411064075318,0.03680719340046113
246,1,266.4,0,1,At Risk,-1.7056743571685162,0.45045246532860517
134,1,358.82,0,1,At Risk,-1.3341471989472728,0.175600247976333
50,2,457.72,0,2,Recent Customers,-0.4802599426765451,-0.19796373777461382
114,3,1633.78,0,3,Regular Customers,0.07201530694930315,0.8903771186347971
7,2,2199.31,1,2,Recent Customers,0.9707819996553452,-0.8012156400529579
23,2,184.19,0,2,Recent Customers,-0.622407059385583,-1.0061610436208617
25,15,11528.48,1,0,Champions,2.8206021547897837,1.1895399718311093
66,1,406.53,0,1,At Risk,-1.0074887997727,-0.22317661443279163
60,4,1471.0,1,3,Regular Customers,0.4664057993987846,0.5355816335075191
50,11,3447.4,1,0,Champions,1.7306224340627236,1.0670034939992201
170,1,330.11,0,1,At Risk,-1.4638748205023648,0.29517080333171214
18,5,977.9300000000001,1,3,Regular Customers,0.8835410632232611,-0.2826868904278168
128,3,982.42,0,3,Regular Customers,-0.21284749310444853,0.7781053069731856
15,8,1387.99,1,0,Champions,1.4819708162328318,-0.10910563296861338
239,1,139.05,0,1,At Risk,-2.001350427058743,0.19667944588262307
3,4,1286.7,1,2,Recent Customers,1.4437646231603523,-1.2403446452656754
240,2,178.96,0,1,At Risk,-1.517161794006226,0.4457325743438101
52,7,2354.25,1,3,Regular Customers,1.1682606527966144,0.7974324380221578
46,1,498.74,0,1,At Risk,-0.7753381832025465,-0.3736474310033619
226,1,259.45,0,1,At Risk,-1.6859058609648996,0.3873327513165228
8,17,6580.44,1,0,Champions,3.06659334143242,0.35787702234780444
4,4,1194.73,1,2,Recent Customers,1.3233889241955616,-1.1258737710285927
165,2,1327.16,0,3,Regular Customers,-0.4270001065468764,0.9373725713650952
240,1,623.5,0,1,At Risk,-1.294099059205349,0.7437832440543816
11,1,301.29,0,2,Recent Customers,-0.4921774069739507,-1.4222085865917042
134,1,520.8000000000001,0,1,At Risk,-1.1579128397296559,0.3109678726009441
17,10,5291.33,1,0,Champions,2.252826239766072,0.5295112089551122
10,13,4745.69,1,0,Champions,2.607576027352391,0.26993248155365507
31,1,329.25,0,2,Recent Customers,-0.8249069417309968,-0.7682070719978
75,1,254.28,0,1,At Risk,-1.2774240577038503,-0.3136327392984581
1,3,961.49,1,2,Recent Customers,1.3686099743891333,-1.8711283056727872
4,3,1936.07,1,2,Recent Customers,1.35021699502031,-1.0355312778899237
45,1,401.40000000000003,0,1,At Risk,-0.8698445534839505,-0.46618269586176075
2,30,18641.010000000002,1,0,Champions,4.471831161228979,0.2485673440046235
357,1,158.16,0,1,At Risk,-2.0934596935286485,0.4967721929339461
18,2,304.47,0,2,Recent Customers,-0.29586637632748214,-0.9719848288408554
69,3,824.58,0,3,Regular Customers,-0.06227913123975958,0.3268518305813094
373,1,487.75,0,1,At Risk,-1.578187098516008,0.9331054361058961
321,1,158.8,0,1,At Risk,-2.051072185876114,0.4310483232027363
26,1,106.56,0,2,Recent Customers,-1.2919140821994333,-1.2844769595036263
331,1,1289.5,0,1,At Risk,-1.0723094702269085,1.211208773477788
9,5,1624.05,1,0,Champions,1.3690459940115063,-0.5049900819235655
323,1,135.75,0,1,At Risk,-2.127296049953093,0.3782420441073852
72,1,224.14,0,1,At Risk,-1.3216117260533724,-0.38492191010686755
260,1,40.5,0,1,At Risk,-2.610111272912495,-0.1931289752644822
18,5,2206.95,1,3,Regular Customers,1.2692000501965863,0.013542183252692715
367,1,87.5,0,1,At Risk,-2.382269142240563,0.3004828842113561
66,3,689.4799999999999,0,3,Regular Customers,-0.1302778177597086,0.23400077263903984
154,2,622.85,0,1,At Risk,-0.7591001383017073,0.6187009495185288
29,2,402.2,0,2,Recent Customers,-0.33873053202965636,-0.5813330384353111
70,1,310.62,0,1,At Risk,-1.1568700025381145,-0.2841433701361145
14,2,411.41,0,2,Recent Customers,-0.06324075572765843,-1.0125182556184236
2,16,4777.18,1,0,Champions,3.282718933273997,-0.47705293454111164
1,41,16225.39,1,0,Champions,4.83570568424141,0.05714918049369584
120,3,1044.32,0,3,Regular Customers,-0.15944784584247826,0.7597513284346211
61,1,499.32,0,1,At Risk,-0.8805965937324295,-0.19763311640640305
3,15,7616.53,1,0,Champions,3.339110675841902,-0.14800892324925016
3,1,3861.0,1,2,Recent Customers,1.13542701379654,-1.1908283505166217
11,3,1079.6100000000001,1,2,Recent Customers,0.7390484024112228,-0.6931083663333603
92,2,193.64,0,1,At Risk,-1.1162423722413315,-0.12933971395941793
59,4,1268.7,1,3,Regular Customers,0.4026201531625862,0.47125865352074353
87,5,1236.54,1,3,Regular Customers,0.4091290195375351,0.7744490820570553
26,6,1827.8,1,3,Regular Customers,1.1851186631306188,0.2266538774302653
357,1,316.58,0,1,At Risk,-1.7659036596227538,0.7483717245925097
85,2,653.24,0,1,At Risk,-0.5115207092207554,0.2625865005192078
10,4,420.29999999999995,1,2,Recent Customers,0.5275763612602896,-1.0059682569461503
1,5,870.12,1,2,Recent Customers,1.688205374533686,-1.752357062579869
225,1,331.18,0,1,At Risk,-1.5688733656371845,0.47313246793635694
60,2,894.4100000000001,0,3,Regular Customers,-0.23152099384113464,0.1591363906053771
241,1,101.8,0,1,At Risk,-2.1511361606407053,0.08932323177805537
319,2,328.35,0,1,At Risk,-1.3388942430200352,0.8455887837320585
2,8,1661.44,1,0,Champions,2.206636747209811,-1.1048483856950333
47,3,734.94,0,3,Regular Customers,0.02734822096531117,0.045810716939410585
88,1,96.6,0,1,At Risk,-1.793635440451196,-0.5637087642476144
11,11,5756.89,1,0,Champions,2.52642353205379,0.336462865459619
176,1,305.75,0,1,At Risk,-1.5132822831127686,0.2892012229311444
52,6,1778.96,1,3,Regular Customers,0.9146432073470007,0.6443564473659771
366,1,403.25,0,1,At Risk,-1.660972723896256,0.8519954924037194
319,1,585.0,0,1,At Risk,-1.432575933160813,0.9003444421418251
226,2,755.75,0,1,At Risk,-0.8132715476430293,0.9308995015633399
358,2,322.08,0,1,At Risk,-1.3919383104534548,0.9114919068258843
234,1,409.40000000000003,0,1,At Risk,-1.4835278768686742,0.5749009218265891
311,1,154.41,0,1,At Risk,-2.0522289707854653,0.400903321846269
37,5,1219.4,1,3,Regular Customers,0.7232991092751576,0.2370214957018328
66,4,3386.71,1,3,Regular Customers,0.8257911278284524,0.8986327064685969
239,2,429.6,0,1,At Risk,-1.1018988049026193,0.76084487740722
113,2,612.06,0,1,At Risk,-0.6500128250304419,0.41758461304130734
277,1,197.0,0,1,At Risk,-1.893312656494714,0.4159688550227788
218,12,2247.51,1,3,Regular Customers,1.0436157488410926,1.8656727444596268
299,1,321.05,0,1,At Risk,-1.6917580174419633,0.6414137362969851
2,4,1412.32,1,2,Recent Customers,1.5977948324428382,-1.388815091657277
29,3,1071.99,1,3,Regular Customers,0.3856717861007463,-0.11481609695411049
10,2,780.59,1,2,Recent Customers,0.3583712913012015,-0.9762963040545991
45,5,1706.57,1,3,Regular Customers,0.809581749700656,0.48047180911641807
67,8,1756.44,1,3,Regular Customers,1.0408106099609158,0.8938387159345961
74,1,316.68,0,1,At Risk,-1.1686743606632042,-0.242383854336622
65,2,631.57,0,3,Regular Customers,-0.42637983936820545,0.08252076236111527
134,3,2515.84,0,3,Regular Customers,0.21536091810783625,1.1491767448279187
238,2,514.15,0,1,At Risk,-1.0152979071875707,0.823491973407147
122,1,356.0,0,1,At Risk,-1.3023175582853603,0.1137212829798215
32,13,6688.46,1,0,Champions,2.3505842812739615,1.0913354988528225
9,11,10484.99,1,0,Champions,2.880311557711643,0.4392118728113485
36,2,740.78,0,2,Recent Customers,-0.12978865062070083,-0.22635744566788238
16,5,918.1999999999999,1,3,Regular Customers,0.8961779010248182,-0.3761258083966668
127,1,300.36,0,1,At Risk,-1.397874895664145,0.07727382011097739
67,1,890.85,0,1,At Risk,-0.6417973667183232,0.07145396602850959
149,1,98.45,0,1,At Risk,-1.9841345253905953,-0.22595606115001746
283,1,317.15,0,1,At Risk,-1.6765984175987814,0.6022314199915976
169,2,623.16,0,1,At Risk,-0.7941510059378425,0.677440645776306
100,7,1810.77,1,3,Regular Customers,0.797546206870253,1.1106661249152272
135,1,254.82,0,1,At Risk,-1.4987149923963,0.05603780984699687
324,1,178.95000000000002,0,1,At Risk,-1.9983058784919152,0.48017866085700456
107,1,156.51,0,1,At Risk,-1.6406138076520387,-0.2667330790482156
64,1,393.74,0,1,At Risk,-1.0110317238095792,-0.25400172919246555
151,2,1506.1200000000001,0,3,Regular Customers,-0.3334071896692457,0.9275558282696145
338,1,119.3,0,1,At Risk,-2.205354512768579,0.36025327941331925
22,5,1717.36,1,3,Regular Customers,1.077349313336677,0.04335507216565037
24,1,408.8,0,2,Recent Customers,-0.628274967781525,-0.8460982204640057
16,7,2379.49,1,0,Champions,1.6076766422968274,0.08047974828853646
7,15,2493.34,1,0,Champions,2.5449692925497622,-0.11520593049547344
57,2,721.94,0,3,Regular Customers,-0.313704689983936,0.04924295538150553
4,2,716.57,1,2,Recent Customers,0.6190391878376966,-1.5072525499156313
38,1,615.14,0,2,Recent Customers,-0.6047810677260551,-0.41567159280756444
66,1,128.63,0,1,At Risk,-1.5506009490299306,-0.6403472608158565
47,1,255.89999999999998,0,1,At Risk,-1.098884154501153,-0.6026428472760749
355,1,290.51,0,1,At Risk,-1.8043776143864627,0.7136241723711334
172,1,113.12,0,1,At Risk,-1.9733872660536238,-0.08540823180682057
59,9,2332.15,1,3,Regular Customers,1.3183165284669645,0.9579971108386213
50,1,240.55,0,1,At Risk,-1.1512555588196416,-0.5866495011885109
22,2,486.69,0,2,Recent Customers,-0.14702566633602068,-0.6804829475263421
43,5,2306.52,1,3,Regular Customers,0.9693314438419963,0.561954902375237
29,3,939.78,1,3,Regular Customers,0.32332265133388916,-0.16270717964796416
5,18,7943.22,1,0,Champions,3.3596353543399284,0.19005990988117127
26,15,4668.3,1,0,Champions,2.3775971322211844,0.8842613564256718
201,1,178.39,0,1,At Risk,-1.8181217302587795,0.17757054148560988
51,6,3672.86,1,3,Regular Customers,1.2655173482921616,0.8962024842103524
10,3,641.94,1,2,Recent Customers,0.5260909885513171,-0.9373736432398354
2,12,4799.9,1,0,Champions,3.0422265700586086,-0.5779415404911707
67,7,4507.01,1,3,Regular Customers,1.3808867437661057,1.1918639595062084
64,1,496.44,0,1,At Risk,-0.9013843764730177,-0.16978034908683018
51,12,5049.95,1,0,Champions,1.9766013347303812,1.2489356274253383
290,1,574.02,0,1,At Risk,-1.4052556271976457,0.8332330602722828
61,8,694.4000000000001,1,3,Regular Customers,0.6364949618527939,0.49761657959003663
64,3,1174.35,0,3,Regular Customers,0.1335183452268149,0.40852186471627094
96,1,205.3,0,1,At Risk,-1.471632179210279,-0.23655284096518622
274,1,310.47,0,1,At Risk,-1.6743584367825572,0.5740882984898694
1,91,60632.75,1,0,Champions,6.170262206807969,0.8371889225706212
75,4,924.85,0,3,Regular Customers,0.16257055069112722,0.5060896350107931
110,1,52.0,0,1,At Risk,-2.16752898981051,-0.646054131261845
199,1,327.97,0,1,At Risk,-1.5267907281414188,0.3921177440237888
64,2,570.5,0,1,At Risk,-0.4686870039462354,0.03586581107509924
327,1,165.0,0,1,At Risk,-2.0400760418168518,0.4566154349504277
4,1,312.62,0,2,Recent Customers,-0.14030342998321502,-1.9637986545985358
284,1,204.5,0,1,At Risk,-1.8851835772010184,0.44527436783988456
44,1,267.13,0,1,At Risk,-1.0539438068933942,-0.6279736388781634
71,3,2748.31,1,3,Regular Customers,0.49737783445047024,0.7828550844766118
86,1,679.68,0,1,At Risk,-0.8640413475773316,0.12924596822218815
104,1,161.74,0,1,At Risk,-1.6143643511835815,-0.27269491666107076
334,1,311.71,0,1,At Risk,-1.74786542302785,0.7006485900748426
53,1,208.75,0,1,At Risk,-1.2400218265033087,-0.6018258635151159
39,3,1049.7,0,3,Regular Customers,0.265824081704808,0.05991032194338209
32,2,714.96,0,2,Recent Customers,-0.10288269955809953,-0.31178945047305356
366,4,1661.06,0,3,Regular Customers,-0.1615055780214052,1.71739940216831
208,1,1028.56,0,1,At Risk,-1.0026314144003363,0.8355496881294789
157,3,350.82,0,1,At Risk,-0.7777024275202813,0.5322848416455929
54,1,170.22,0,1,At Risk,-1.3432691234554999,-0.6641151644908975
66,2,574.07,0,1,At Risk,-0.47731088309772285,0.057345465311660314
81,1,2020.52,0,3,Regular Customers,-0.32530697681411436,0.48816502024347846
130,1,406.09,0,1,At Risk,-1.264132468025623,0.20148694672194595
87,1,364.5,0,1,At Risk,-1.16324935026563,-0.08998068237024252
1,3,563.94,1,2,Recent Customers,1.1159779269245451,-2.065177867410659
46,1,393.54,0,1,At Risk,-0.8874131159034447,-0.4597334671601929
333,1,252.42000000000002,0,1,At Risk,-1.846404224699556,0.6221874532197939
366,1,201.60000000000002,0,1,At Risk,-1.988519339699317,0.6004031948975349
72,1,158.04,0,1,At Risk,-1.4864124032561237,-0.5115071929569422
158,2,463.90999999999997,0,1,At Risk,-0.908266181762429,0.5277529115977758
373,1,115.65,0,1,At Risk,-2.2574970190122285,0.41131972570445674
12,7,1934.66,1,0,Champions,1.6120700810592545,-0.1649209923853671
255,2,770.12,0,1,At Risk,-0.8502788180714982,1.0139670498109379
29,2,277.05,0,2,Recent Customers,-0.5149417983682136,-0.7166829251557024
31,10,2718.03,1,0,Champions,1.7172585526213469,0.6517011696885336
5,22,8347.2,1,0,Champions,3.5560325216957187,0.2812073287247227
40,1,427.93,0,2,Recent Customers,-0.7956148340357408,-0.5158758792761645
362,1,418.92,0,1,At Risk,-1.638753925937306,0.8588991315113114
373,1,326.0,0,1,At Risk,-1.76874592196818,0.7867350268593744
96,2,913.19,0,3,Regular Customers,-0.39886393411686183,0.4607390686147497
26,7,2314.32,1,3,Regular Customers,1.417793561315437,0.36364365828371753
75,2,602.51,0,1,At Risk,-0.502570300636162,0.15482764863987555
57,4,1877.59,1,3,Regular Customers,0.6013165767103797,0.5924409434413843
21,1,446.94000000000005,0,2,Recent Customers,-0.5372477439792412,-0.8947258202475722
41,7,2386.05,1,3,Regular Customers,1.2634810019677707,0.6548493113527977
137,1,2007.3999999999999,0,3,Regular Customers,-0.5272374703558298,0.815779031996017
8,12,2415.91,1,0,Champions,2.297139491905745,-0.1314501237822702
129,1,168.0,0,1,At Risk,-1.6780522864436278,-0.12355578185701024
40,3,1221.56,1,3,Regular Customers,0.3282215740735913,0.13073731504066477
169,7,3703.29,1,3,Regular Customers,0.9377583338790951,1.7012168509106362
9,5,1690.2600000000002,1,0,Champions,1.3879815047099402,-0.49044549983593905
214,2,596.85,0,1,At Risk,-0.9042796514959365,0.8106287554194347
15,6,5955.71,1,0,Champions,1.9449089367714305,0.3250217727252333
170,2,642.41,0,1,At Risk,-0.7819887997071595,0.6922216109713858
40,1,316.88,0,1,At Risk,-0.9376812193989282,-0.6249986928466574
186,1,394.14,0,1,At Risk,-1.4142169373661995,0.4162607285190897
270,1,140.54,0,1,At Risk,-2.0427375829563252,0.27754423627687835
172,1,500.0,0,1,At Risk,-1.2719425967421525,0.4533794320280184
5,4,1535.53,1,2,Recent Customers,1.3726463244745626,-0.9189621711660295
16,2,231.86,0,2,Recent Customers,-0.38207093834082956,-1.1413449551763062
10,4,2183.54,1,3,Regular Customers,1.3079488773372436,-0.4065552123353325
326,1,107.45,0,1,At Risk,-2.2407569691953295,0.2996385078745963
113,1,288.18,0,1,At Risk,-1.3731892451093368,-0.01118182199162007
290,1,94.0,0,1,At Risk,-2.2589859546812305,0.17747304267696468
16,2,1345.53,1,2,Recent Customers,0.4500003644340074,-0.502221481893488
1,3,815.77,1,2,Recent Customers,1.2907696869946779,-1.9309183196715511
92,5,716.2,0,3,Regular Customers,0.129354565482336,0.6107991341521656
149,2,626.77,0,1,At Risk,-0.7436044272847655,0.600195644248005
189,1,349.1,0,1,At Risk,-1.4776795337893043,0.3822736271506965
31,2,510.71000000000004,0,2,Recent Customers,-0.2503808326863688,-0.4536206390583962
34,4,1046.74,1,3,Regular Customers,0.5174090306929944,0.05958932312471623
264,1,267.18,0,1,At Risk,-1.7311635774621295,0.4961052895527627
84,8,3450.84,1,3,Regular Customers,1.2756485580015895,1.2811532504138872
26,4,1348.93,1,3,Regular Customers,0.736700999082373,-0.012628475542198972
171,1,190.53,0,1,At Risk,-1.7256579093791722,0.09949954311705524
10,3,774.9000000000001,1,2,Recent Customers,0.6152190704035174,-0.8689133453657861
313,1,559.61,0,1,At Risk,-1.446347865910652,0.8722131180368998
65,4,3984.32,1,3,Regular Customers,0.9085685069340336,0.9482695375344308
85,1,508.8,0,1,At Risk,-0.9966910888145771,0.01663522417499926
25,1,135.86,0,2,Recent Customers,-1.1632686911124828,-1.2206615682983708
59,4,950.36,0,3,Regular Customers,0.26575828466205775,0.36613348880910296
323,2,97.7,0,1,At Risk,-1.9150141714401416,0.41458454528038197
38,1,43.5,0,1,At Risk,-1.8508547741924637,-1.372795041948695
254,2,383.34,0,1,At Risk,-1.178946020456036,0.7578844509876145
19,5,1404.07,1,3,Regular Customers,1.0352985366333587,-0.11855325511351678
33,3,1430.54,1,3,Regular Customers,0.47455954257338223,0.06953001028861387
15,1,93.78,0,2,Recent Customers,-1.1520104696543643,-1.662251090210497
27,2,397.35,0,2,Recent Customers,-0.3181134816811958,-0.6294775873339393
23,1,171.19,0,2,Recent Customers,-1.0238074480449815,-1.1877676329360467
214,2,533.3,0,1,At Risk,-0.9575663946849802,0.7696985992256847
8,5,1041.48,1,2,Recent Customers,1.1987987334897752,-0.7334653294433442
22,1,149.29,0,2,Recent Customers,-1.072049974268015,-1.2642910511389434
12,3,1067.75,1,2,Recent Customers,0.7032394884181047,-0.6463857636045973
262,1,200.16,0,1,At Risk,-1.86461676187201,0.3865729395259483
131,1,156.57999999999998,0,1,At Risk,-1.7170589369280316,-0.13935890085327457
55,3,383.68,0,3,Regular Customers,-0.33913917841428937,-0.09274035830512183
249,1,594.0,0,1,At Risk,-1.3310489794780898,0.7494020411245321
2,7,3213.59,1,0,Champions,2.4127240164456687,-0.9097415196941784
9,2,1411.21,1,2,Recent Customers,0.6752809267234366,-0.8212605662004779
264,1,113.5,0,1,At Risk,-2.134709585071414,0.18613699097961278
331,1,155.17,0,1,At Risk,-2.0736500800805637,0.4420676116872516
313,1,494.64,0,1,At Risk,-1.5047522707819567,0.8273520274405987
26,3,974.52,1,3,Regular Customers,0.38076367559954993,-0.21629245450093618
30,1,429.84,0,2,Recent Customers,-0.6867072753345714,-0.6914965775131314
30,3,528.48,0,2,Recent Customers,0.03824578637685047,-0.3512702384265359
2,7,1371.77,1,0,Champions,2.0092796430761686,-1.2196317518466755
362,1,179.1,0,1,At Risk,-2.0401512459035285,0.5505812644635059
283,3,434.59000000000003,0,1,At Risk,-0.9004271374188451,0.9817990578031817
262,1,237.07,0,1,At Risk,-1.7847385549515833,0.4479283027938985
25,1,161.64,0,2,Recent Customers,-1.0814386100198639,-1.1578069481804578
354,1,214.26,0,1,At Risk,-1.9470801810231626,0.6014041112985702
94,3,234.6,0,1,At Risk,-0.7735020148857522,0.0637499728970331
29,1,126.14,0,2,Recent Customers,-1.2528638082980805,-1.1567756162074694
338,1,1044.65,0,1,At Risk,-1.1800379919178956,1.1478106123426013
20,18,7354.62,1,0,Champions,2.8445819201011147,0.9561948793836808
85,1,334.53,0,1,At Risk,-1.1950337354340297,-0.13571402856907064
9,3,524.88,1,2,Recent Customers,0.46720428148287446,-1.0709913691677904
51,2,467.51,0,2,Recent Customers,-0.4776646592151516,-0.17796285228765993
50,2,538.55,0,2,Recent Customers,-0.4033066497145277,-0.13885503433247154
2,1,454.48,0,2,Recent Customers,0.2317714475468551,-2.1517193241462347
113,1,371.56,0,1,At Risk,-1.2530625188676923,0.08108888876792411
14,7,1771.2,1,0,Champions,1.515572692332651,-0.10633675391698505
77,1,454.10999999999996,0,1,At Risk,-1.0132002502027513,-0.08659097109898903
40,2,1399.92,0,3,Regular Customers,0.1324808212866141,0.07029136135418897
116,1,905.5,0,1,At Risk,-0.8413693314054049,0.4214035724126734
16,12,10879.76,1,0,Champions,2.767563044163456,0.819673620465083
161,4,225.26,0,1,At Risk,-0.7946478016949888,0.4727183912969052
1,4,3590.41,1,0,Champions,2.1948807501679024,-1.3061958288941846
30,3,2564.5,1,3,Regular Customers,0.7864695538950344,0.22344898514748407
93,1,91.32000000000001,0,1,At Risk,-1.8408858079199564,-0.5493146728459264
23,3,1134.28,1,3,Regular Customers,0.4976688570722641,-0.23572269107066407
95,6,3100.09,1,3,Regular Customers,0.9509484093110726,1.2231427114478883
28,2,659.4599999999999,0,2,Recent Customers,-0.09178261547561668,-0.4230882255092608
33,5,1953.41,1,3,Regular Customers,0.989071524025073,0.338018906219683
21,2,1280.58,1,2,Recent Customers,0.3280692263230351,-0.35677960476777393
18,2,1262.2,1,2,Recent Customers,0.37722204286623895,-0.45497792466458736
3,27,13316.4,1,0,Champions,4.110357585431604,0.2695067157869574
8,4,1131.56,1,2,Recent Customers,1.0731201730736522,-0.7730223780788563
16,12,10384.93,1,0,Champions,2.745493906877516,0.8027220639968962
363,1,141.04,0,1,At Risk,-2.153768345291599,0.4658618512856694
81,1,52.83,0,1,At Risk,-2.0444878978850296,-0.832357485234313
53,5,3610.96,1,3,Regular Customers,1.1035586855128767,0.8549730765953327
23,3,972.08,1,3,Regular Customers,0.42456910215129384,-0.2918714479204793
172,1,475.86,0,1,At Risk,-1.2953578938798114,0.43539387479913344
189,6,1000.27,0,3,Regular Customers,0.15414209142330026,1.244188146991023
331,1,250.0,0,1,At Risk,-1.8486595776915797,0.6148853868742487
12,5,900.53,1,2,Recent Customers,0.9894506559542765,-0.5532573309612105
156,2,121.0,0,1,At Risk,-1.5377668138735678,0.03248748333258046
33,19,14758.220000000001,1,0,Champions,3.03713754014152,1.534903120755274
12,11,4023.7200000000003,1,0,Champions,2.3260448064096013,0.25677751580597186
45,3,62.43,0,1,At Risk,-1.118649724949208,-0.873911179937756
233,1,267.03,0,1,At Risk,-1.6839049801149846,0.4170343770409637
64,8,1921.55,1,3,Regular Customers,1.1006229571311423,0.8979386957064748
2,1,343.5,0,2,Recent Customers,0.09935984844160568,-2.253426186095276
40,8,3000.2,1,3,Regular Customers,1.4878232592470346,0.7680133471044418
33,2,397.99,0,2,Recent Customers,-0.3915195114519256,-0.5058104505551183
84,1,412.01000000000005,0,1,At Risk,-1.092055106647594,-0.06746132398708432
25,1,440.0,0,2,Recent Customers,-0.6084657344530375,-0.7945110791933346
2,3,734.37,1,2,Recent Customers,1.0861041903978679,-1.7121149739367931
33,2,148.44,0,2,Recent Customers,-0.8571598905553535,-0.863474145241923
19,8,2428.53,1,0,Champions,1.661840735931947,0.23598733098420094
254,1,229.33,0,1,At Risk,-1.7886100907104379,0.4163081486252716
23,11,3962.6,1,0,Champions,2.0845842904130305,0.6398731579319589
22,4,1497.31,1,3,Regular Customers,0.8473989154129639,-0.07629436606578865
8,2,1972.39,1,2,Recent Customers,0.8741794716263742,-0.7661907034346281
25,4,1564.73,1,3,Regular Customers,0.8214347279466419,0.017457866260932327
19,3,807.57,1,2,Recent Customers,0.40640241679649025,-0.47490191446798574
173,4,502.9,0,3,Regular Customers,-0.4422919201515812,0.8096346481171828
163,1,110.92,0,1,At Risk,-1.9622089641220115,-0.1263660346837911
7,1,538.46,0,2,Recent Customers,-0.06266826700050425,-1.468306961224574
11,1,213.3,0,2,Recent Customers,-0.655291622392362,-1.5474984788790092
114,1,85.13000000000001,0,1,At Risk,-1.9508186991367722,-0.4467664008785601
288,1,127.86,0,1,At Risk,-2.1118053180861844,0.2841286083187801
9,9,3546.71,1,0,Champions,2.2014756198324785,-0.02523167674926874
54,2,288.96999999999997,0,1,At Risk,-0.7265810664970416,-0.3171436576988164
7,14,4910.6,1,0,Champions,2.807847137287332,0.10688275440391184
77,3,1681.46,0,3,Regular Customers,0.2339472216514795,0.6547388599916545
4,4,575.63,1,2,Recent Customers,0.9775818965126072,-1.3914920995075222
37,1,436.06,0,2,Recent Customers,-0.7576852689422412,-0.5572074996992049
217,1,90.12,0,1,At Risk,-2.1684262415353035,-0.02081268567909332
60,1,428.93,0,1,At Risk,-0.9462791756971883,-0.26316389947823904
278,1,217.2,0,1,At Risk,-1.8486224225342363,0.45362575084530316
12,16,4794.86,1,0,Champions,2.7243323120644405,0.45385588446006825
24,1,279.77,0,2,Recent Customers,-0.8075690246904935,-0.9838160338394732
29,1,468.91,0,2,Recent Customers,-0.6330228418315063,-0.6806686887723125
12,4,800.59,1,2,Recent Customers,0.768763586993016,-0.6657915003918865
352,1,134.55,0,1,At Risk,-2.1642217967156876,0.42937585968157177
22,4,1400.44,1,3,Regular Customers,0.8157075305191547,-0.10063688084658616
50,2,173.16,0,1,At Risk,-0.9394632834797844,-0.5506830698060172
19,1,186.01,0,2,Recent Customers,-0.9150130003513086,-1.2732778027790983
3,3,758.29,1,2,Recent Customers,0.9913879384983904,-1.5180847992738804
104,5,1375.71,1,3,Regular Customers,0.3921904405766494,0.9252307175231934
7,12,4148.82,1,0,Champions,2.598449062585327,-0.009237242357839417
12,4,650.4300000000001,1,2,Recent Customers,0.6704107754779366,-0.741337418503736
5,7,2533.42,1,0,Champions,2.035219802080227,-0.5569147578053077
32,2,591.1899999999999,0,2,Recent Customers,-0.19287589317621442,-0.3809142505775791
178,4,675.64,0,3,Regular Customers,-0.31335129529929845,0.9349477931220538
38,1,921.37,0,2,Recent Customers,-0.4134724650594448,-0.26872526958091963
151,3,258.88,0,1,At Risk,-0.9065351354273263,0.39742495101167113
162,1,127.1,0,1,At Risk,-1.8958488325570733,-0.08106596050875466
69,2,327.6,0,1,At Risk,-0.7594048248001395,-0.11871362395822244
121,13,3675.77,1,3,Regular Customers,1.567335349350747,1.7022394924260627
25,3,682.9100000000001,0,2,Recent Customers,0.22678674622772074,-0.36956249633067234
24,4,720.86,1,3,Regular Customers,0.4692895817670041,-0.28940028629171394
177,1,455.3,0,1,At Risk,-1.327138965435523,0.43740456905822706
50,4,913.6800000000001,1,3,Regular Customers,0.3091972184305676,0.24878702633352134
256,3,478.53000000000003,0,1,At Risk,-0.8166975112181305,0.9534718961304444
47,1,388.58,0,1,At Risk,-0.9014541573413457,-0.4509946110081087
71,1,199.8,0,1,At Risk,-1.3705922849442804,-0.43533571449685676
16,5,1771.78,1,3,Regular Customers,1.2076035036537478,-0.1369162452767409
101,5,1406.59,1,3,Regular Customers,0.41378154300231784,0.9149334130041955
35,1,324.57,0,2,Recent Customers,-0.8766671881504865,-0.6987382665949066
53,1,240.68,0,1,At Risk,-1.1728348412118565,-0.5502187725654901
27,2,761.74,0,2,Recent Customers,-0.01010857529841637,-0.3928955000788753
11,14,6776.56,1,0,Champions,2.805646616453869,0.4812017609918467
8,9,1297.8700000000001,1,0,Champions,1.765287984431706,-0.457978764328916
79,1,48.480000000000004,0,1,At Risk,-2.0750088474658024,-0.8786997416570101
52,1,216.39,0,1,At Risk,-1.2159177809743273,-0.6006454748999622
36,5,1198.23,1,3,Regular Customers,0.7251890831633558,0.21374232944563692
61,9,2920.16,1,3,Regular Customers,1.4123628018742247,1.0606428657581264
337,1,104.76,0,1,At Risk,-2.265304949253779,0.3114650672444015
28,4,1093.68,1,3,Regular Customers,0.6100252428621942,-0.0436618921679592
184,1,298.48,0,1,At Risk,-1.5415417548231063,0.30848944881876256
52,1,112.46000000000001,0,1,At Risk,-1.5242339355560586,-0.8374666354523551
10,13,1591.45,1,0,Champions,2.089715738283948,-0.12784192253997023
36,2,195.15,0,2,Recent Customers,-0.7604975873375754,-0.7108121852084953
10,23,10399.74,1,0,Champions,3.4672344840792007,0.7618018615817919
33,4,776.851,1,3,Regular Customers,0.3872522506822414,-0.06726726346860017
11,1,336.40000000000003,0,2,Recent Customers,-0.44007608056534214,-1.3821889625692632
57,3,1553.18,1,3,Regular Customers,0.30951540038699493,0.43804067181015527
4,4,1293.03,1,2,Recent Customers,1.360849348090403,-1.097099991485331
43,9,3709.56,1,0,Champions,1.6567859750700902,0.9303562811904847
141,1,301.03,0,1,At Risk,-1.4364720651402838,0.14388315296088505
117,4,588.13,0,3,Regular Customers,-0.21983926562138925,0.6203463942761457
104,4,1534.26,0,3,Regular Customers,0.2788992347933302,0.8951885374948564
75,2,675.8,0,3,Regular Customers,-0.44822581573960774,0.19657026832285523
5,9,2870.2400000000002,1,0,Champions,2.2962984284204055,-0.4261128277920266
45,2,1186.35,0,3,Regular Customers,0.010096757617210286,0.08299664285481377
16,8,3285.31,1,0,Champions,1.8671496417686169,0.24297504326430203
17,1,243.55,0,2,Recent Customers,-0.7475696162035469,-1.2423690083345262
90,2,724.76,0,3,Regular Customers,-0.4839169329310939,0.3361960396119513
53,1,223.36,0,1,At Risk,-1.2080942967548436,-0.5773019631737272
134,1,425.32,0,1,At Risk,-1.2537368971198315,0.23736431942103833
4,15,12416.11,1,0,Champions,3.4855536866536783,0.1714084501166296
105,4,1887.2,1,3,Regular Customers,0.37339265528307647,0.9765601541501787
192,3,664.0,0,1,At Risk,-0.5522590097865351,0.891009333273837
166,4,803.54,0,3,Regular Customers,-0.20475251849721118,0.9540128865262361
19,1,612.01,0,2,Recent Customers,-0.35208643714893534,-0.8408874786839781
158,3,447.64000000000004,0,1,At Risk,-0.6648447780844846,0.6248229179395884
204,2,639.5,0,1,At Risk,-0.8534121350847569,0.8055326656051854
336,2,816.0,0,1,At Risk,-0.9278883007828567,1.2092887244498984
37,3,646.3,0,3,Regular Customers,0.05573610619053341,-0.14902763840751948
91,1,337.74,0,1,At Risk,-1.2162815072061728,-0.08949281615899465
93,2,877.4399999999999,0,3,Regular Customers,-0.4057774640706631,0.42629480597862723
9,2,922.53,1,2,Recent Customers,0.4739033397049007,-0.9759409913363848
243,1,560.67,0,1,At Risk,-1.3491028254515298,0.7130067764067662
45,4,748.5,0,3,Regular Customers,0.2541767953117407,0.11083700805598787
23,1,30.0,0,1,At Risk,-1.8367999337947056,-1.8122364489045781
190,5,1024.1000000000001,0,3,Regular Customers,0.023804518528960632,1.197116661924607
44,1,306.45,0,1,At Risk,-0.9890601066045787,-0.5781357274518985
25,9,1600.86,1,0,Champions,1.4594535887849776,0.29090905251653487
317,2,309.8,0,1,At Risk,-1.363986723320669,0.8205008190228797
106,1,138.14,0,1,At Risk,-1.6958595502150502,-0.31779456603499023
51,1,386.43,0,1,At Risk,-0.934654311641028,-0.4022681901562249
168,2,2222.21,0,3,Regular Customers,-0.18957721839185684,1.1363495541304227
40,1,301.32,0,1,At Risk,-0.9614780883416997,-0.6432773397381435
218,1,76.32000000000001,0,1,At Risk,-2.2480425569176195,-0.07772270153508977
40,4,684.34,0,3,Regular Customers,0.2557002748419214,0.005297331161061837
297,1,173.05,0,1,At Risk,-1.9809811928888998,0.41305505844665114
19,7,2657.13,1,0,Champions,1.5979019266246475,0.2236840812655107
88,4,2726.23,1,3,Regular Customers,0.6144961402762209,0.9996506785522202
73,5,2446.6,1,3,Regular Customers,0.7986842238666051,0.9129868482004885
81,3,323.69,0,1,At Risk,-0.5652096019686927,0.0872746836918211
19,3,3435.76,1,3,Regular Customers,1.0925136615587876,0.05210797080087376
49,1,657.23,0,1,At Risk,-0.6683605147523185,-0.2340963254626731
53,1,352.7,0,1,At Risk,-0.9922600179882589,-0.41151718795222164
24,4,781.28,1,3,Regular Customers,0.5074029255711223,-0.26012499150714924
9,3,1333.68,1,2,Recent Customers,0.9088203422995975,-0.7317810278119392
25,5,1426.16,1,3,Regular Customers,0.9424724215486207,0.05345021207902084
117,1,193.75,0,1,At Risk,-1.573812067600513,-0.1333016478079497
9,9,2993.1,1,0,Champions,2.1210310328767745,-0.08702208299266749
120,2,254.1,0,1,At Risk,-1.08851988810541,0.13602523369072717
4,2,239.76,0,2,Recent Customers,0.10122816593384407,-1.9049891113373045
252,1,136.8,0,1,At Risk,-2.029180528979214,0.22422121748320428
28,1,191.04,0,2,Recent Customers,-1.0443646932966029,-1.0280637669948485
1,14,6479.4,1,0,Champions,3.4688364294741794,-0.6709879422323156
267,2,409.98,0,1,At Risk,-1.1661638026894188,0.8138137914228417
33,8,2711.11,1,3,Regular Customers,1.511312716377234,0.61244469734227
18,1,309.65,0,2,Recent Customers,-0.6547828493046588,-1.1209590371822866
172,2,696.68,0,1,At Risk,-0.7480343342723074,0.7290857187526856
2,4,1529.0,1,2,Recent Customers,1.635407785843273,-1.3599241524582648
265,1,211.5,0,1,At Risk,-1.8429461450925613,0.41373668116336215
140,4,2293.62,1,3,Regular Customers,0.3568341104613714,1.2284344201321793
201,1,143.1,0,1,At Risk,-1.921987735717875,0.09778987612237612
64,4,1060.56,0,3,Regular Customers,0.2871506527052697,0.4567930497400915
35,4,916.98,1,3,Regular Customers,0.4439572690163849,0.029294530865847615
41,7,3235.25,1,3,Regular Customers,1.407793545556602,0.7656974247166243
284,1,133.25,0,1,At Risk,-2.087051655652604,0.2902171906308554
9,5,1072.3600000000001,1,2,Recent Customers,1.1723925035791736,-0.6560418745033095
143,2,356.7,0,1,At Risk,-0.9947131515916717,0.3694597686299307
12,2,330.03000000000003,0,2,Recent Customers,-0.11280017585955764,-1.1832903975308349
146,4,1101.1100000000001,0,3,Regular Customers,-0.006802359159127661,0.987766390289149
234,1,150.3,0,1,At Risk,-1.9566723810700934,0.21147322292454143
33,13,5030.07,1,0,Champions,2.2040933682283304,1.006498387557451
24,1,598.73,0,2,Recent Customers,-0.44771163856380564,-0.7074054645279603
12,1,471.40000000000003,0,2,Recent Customers,-0.31107190328646056,-1.2088715416020168
36,5,2211.21,1,3,Regular Customers,1.0155203790009892,0.4367491145368211
365,1,190.7,0,1,At Risk,-2.0136987756544875,0.5785322864596362
201,2,218.25,0,1,At Risk,-1.3560926739916834,0.4057467030150006
15,1,415.25,0,2,Recent Customers,-0.4503893907597957,-1.1233279241595697
17,7,5159.06,1,0,Champions,1.9526688301438786,0.398478210931952
213,1,85.0,0,1,At Risk,-2.188772429094986,-0.05361451779368106
66,3,1120.88,0,3,Regular Customers,0.09986501964596185,0.41077611521287005
212,2,294.12,0,1,At Risk,-1.2354433816005441,0.547591198296903
283,1,162.3,0,1,At Risk,-1.992828866733927,0.35933119937945623
115,2,1339.45,0,3,Regular Customers,-0.28572556314560515,0.7135261039096423
15,8,1188.1200000000001,1,0,Champions,1.4083044312999833,-0.16568962480376004
19,16,4812.42,1,0,Champions,2.561507044305682,0.7282757311008524
66,1,449.12,0,1,At Risk,-0.9603578964048822,-0.18697482913032717
49,1,154.88,0,1,At Risk,-1.351366392965265,-0.7587209432091236
16,4,775.96,1,2,Recent Customers,0.6514896500804268,-0.5070955598992106
78,1,34.8,0,1,At Risk,-2.2236503099006772,-1.0045379174441444
19,4,1094.59,1,3,Regular Customers,0.7523557778718233,-0.2789067310916949
134,1,196.88,0,1,At Risk,-1.6176652532079288,-0.042173208424784406
13,3,946.64,1,2,Recent Customers,0.6179035422286553,-0.6432090344160134
40,1,144.36,0,1,At Risk,-1.3086892288148717,-0.9099741832918895
235,3,44534.3,1,3,Regular Customers,1.3643739790917429,2.5497262926882853
3,8,2463.05,1,0,Champions,2.2833324347954003,-0.7791547420956297
40,7,2626.6,1,3,Regular Customers,1.318211120914841,0.6745412061446789
305,1,79.2,0,1,At Risk,-2.3584857201748384,0.14765659533724942
51,3,458.57,0,3,Regular Customers,-0.22648755110399652,-0.07493560076916801
10,6,2364.25,1,0,Champions,1.6500946106094974,-0.2489015434474136
61,4,528.01,0,3,Regular Customers,-0.02504224432082829,0.17317401830487295
66,2,714.42,0,3,Regular Customers,-0.3737657355766114,0.1368796760272325
25,1,205.25,0,2,Recent Customers,-0.9688030253380817,-1.0712902688321955
218,3,253.04,0,1,At Risk,-1.0568141744920203,0.6206550381431293
65,2,583.75,0,1,At Risk,-0.46365153927425395,0.053891943869637055
32,2,1086.92,0,3,Regular Customers,0.09550332047545222,-0.15940688211411416
88,6,3279.97,1,3,Regular Customers,1.0066056475130276,1.1956820930108019
64,1,315.06,0,1,At Risk,-1.1164342529457252,-0.3349626159453601
116,3,621.8299999999999,0,3,Regular Customers,-0.39212635844584864,0.5498538426040164
7,26,56252.72,1,0,Champions,4.495832757084222,1.2197520683877763
6,1,635.6800000000001,0,2,Recent Customers,0.06690733992238511,-1.4926091840709783
69,1,270.8,0,1,At Risk,-1.2162770976618449,-0.34292880124259806
245,1,104.9,0,1,At Risk,-2.14331144919119,0.11053632939028578
133,1,241.62,0,1,At Risk,-1.518175301161268,0.027351311312942415
241,4,1047.11,0,3,Regular Customers,-0.2210509452452721,1.2854898001423647
184,3,475.28000000000003,0,1,At Risk,-0.6943515427800716,0.7426075395179905
25,3,345.46,0,2,Recent Customers,-0.09566698914811401,-0.6172428941994001
10,3,2614.7400000000002,1,3,Regular Customers,1.1914502089554486,-0.4263036249525795
11,1,246.3,0,2,Recent Customers,-0.5873805634798834,-1.4953352187092224
33,5,2328.9700000000003,1,3,Regular Customers,1.0724124404286646,0.40203401619980716
46,3,4919.0,1,3,Regular Customers,0.9362459421983093,0.7244214994224889
26,3,933.26,1,3,Regular Customers,0.3602726210873966,-0.23203186756248592
358,1,351.3,0,1,At Risk,-1.717773987360071,0.7879274358628113
10,1,218.75,0,2,Recent Customers,-0.6101456809547512,-1.5935116199966635
44,2,1612.69,0,3,Regular Customers,0.16396336763394062,0.18080114047388057
15,3,965.61,1,2,Recent Customers,0.5762927800140917,-0.5513400094346452
150,1,610.01,0,1,At Risk,-1.1258630729439574,0.43945388249666506
1,8,2708.61,1,0,Champions,2.5931572812179797,-1.183966799673677
113,4,2207.4,1,3,Regular Customers,0.41987248201889515,1.0797354396719157
76,3,884.14,0,3,Regular Customers,-0.06565791694488644,0.41264272018598536
107,2,696.89,0,1,At Risk,-0.5679093167226141,0.43050986023002713
46,3,1063.95,0,3,Regular Customers,0.2106074352054078,0.16705027247301066
143,1,451.42,0,1,At Risk,-1.250215821471762,0.29991888385149307
51,1,415.82000000000005,0,1,At Risk,-0.899984395429836,-0.3756378314436645
1,13,4206.39,1,0,Champions,3.2016008484508003,-0.8546933876245915
23,17,5488.18,1,0,Champions,2.605871295232055,0.9135660267096609
46,3,784.58,0,3,Regular Customers,0.06634047121097111,0.056237169316342005
50,3,903.9,0,3,Regular Customers,0.10218623810281713,0.15951507289370245
306,4,3651.27,0,3,Regular Customers,0.2799849010843819,1.890967710528428
36,5,515.77,1,3,Regular Customers,0.32602736059619125,-0.09285834970038333
79,4,1391.98,1,3,Regular Customers,0.336663651590783,0.6873795209630751
22,6,2218.62,1,3,Regular Customers,1.3382017853506878,0.19554454776095762
107,5,1801.14,1,3,Regular Customers,0.5091090022935413,1.0411615454623486
208,2,1303.9099999999999,0,3,Regular Customers,-0.523365797489964,1.076965448800245
17,4,1945.33,1,3,Regular Customers,1.0650779698144253,-0.1364076247080133
64,5,2100.6,1,3,Regular Customers,0.7759553220240804,0.7752714109934039
49,4,1905.45,1,3,Regular Customers,0.6649929456707371,0.5037137648158844
320,1,206.98,0,1,At Risk,-1.9249350651603132,0.5250512273138924
44,2,570.96,0,2,Recent Customers,-0.3278353783447765,-0.19695509464423988
3,2,885.47,1,2,Recent Customers,0.8045050541026942,-1.5717269230563107
372,1,15.0,0,1,At Risk,-3.1984266145704456,-0.31390191995990885
172,1,532.94,0,1,At Risk,-1.2417496168283026,0.4765710048258607
56,3,1654.31,1,3,Regular Customers,0.34604988548673915,0.4499749438070548
73,14,1836.0900000000001,1,3,Regular Customers,1.4917527670444246,1.1589867788981494
99,2,636.14,0,1,At Risk,-0.5816926883479957,0.3485526488336439
38,1,576.0,0,2,Recent Customers,-0.635900818780134,-0.4395750291056935
58,3,794.64,0,3,Regular Customers,-0.014488590689424121,0.20502207751138204
254,1,836.79,0,1,At Risk,-1.1763546346680263,0.8865885588464035
70,4,2225.15,1,3,Regular Customers,0.6045514186983175,0.7824706111115959
44,4,954.09,1,3,Regular Customers,0.37750765006280473,0.1851866432136005
50,1,137.37,0,1,At Risk,-1.4154290687712563,-0.7895641921128751
65,1,391.98,0,1,At Risk,-1.0189826793617247,-0.2459506141295514
11,19,33643.08,1,0,Champions,3.8256603882740206,1.1747812371312114
33,3,1048.49,1,3,Regular Customers,0.3273596297303236,-0.04353592438482601
59,2,355.56,0,1,At Risk,-0.6617994027113234,-0.18669386719102196
73,4,1224.06,1,3,Regular Customers,0.3055369083167268,0.5911728507664995
304,1,118.95000000000002,0,1,At Risk,-2.166363297105221,0.29219249549727916
46,1,130.73999999999998,0,1,At Risk,-1.4075097235660563,-0.8592256131138076
18,8,3711.77,1,0,Champions,1.8825147537408966,0.35792257875001954
38,2,389.27,0,2,Recent Customers,-0.4544077404299256,-0.426881757070392
19,2,234.88,0,2,Recent Customers,-0.4380429775183525,-1.0336253141441698
187,2,160.71,0,1,At Risk,-1.472992143419497,0.24934708042915582
52,1,110.8,0,1,At Risk,-1.5312224153238914,-0.842834566598747
4,12,2969.12,1,0,Champions,2.6194022074617207,-0.42900213018778455
137,5,712.24,0,3,Regular Customers,-0.024027838919284356,0.8589680742502587
4,27,16143.64,1,0,Champions,4.1164000367137445,0.48108081543556735
19,1,297.0,0,2,Recent Customers,-0.6940890392902933,-1.1035835844424722
16,5,1427.57,1,3,Regular Customers,1.1052451761846784,-0.21553884595205178
41,8,965.16,1,3,Regular Customers,0.9411920974045099,0.3704866417640495
12,8,3146.92,1,0,Champions,1.9492261468152303,0.057243553258263205
8,4,832.88,1,2,Recent Customers,0.9279591893632317,-0.8845221879926951
26,2,68.84,0,2,Recent Customers,-1.1297847869787931,-1.28665723050291
22,6,1936.3200000000002,1,3,Regular Customers,1.2737021982499825,0.14600167806260722
41,3,895.13,0,3,Regular Customers,0.17173567122794473,0.03288564017345442
101,1,211.89,0,1,At Risk,-1.4759226668261012,-0.19323795429173257
5,15,3810.14,1,0,Champions,2.855859798658189,-0.14319019091570437
277,2,149.64,0,1,At Risk,-1.656044985555707,0.47150322879708984
33,1,351.44,0,2,Recent Customers,-0.8172308760661264,-0.7060905782309129
15,2,316.25,0,2,Recent Customers,-0.21227857088423221,-1.0671459180549168
64,7,4405.88,1,3,Regular Customers,1.3873646116077605,1.1549971164102257
2,2,490.33,1,2,Recent Customers,0.6345850023592404,-1.9690272657648646
369,1,329.03000000000003,0,1,At Risk,-1.760265056045504,0.7832776440133813
312,5,501.39000000000004,0,3,Regular Customers,-0.5030285854762303,1.2504973434722493
199,4,516.36,0,3,Regular Customers,-0.4829904794666285,0.9075187044890748
2,2,396.48,1,2,Recent Customers,0.5340775935302436,-2.0462281546877543
93,3,379.35,0,1,At Risk,-0.5423598166721997,0.23147958594149204
60,1,181.09,0,1,At Risk,-1.3536363321460403,-0.5760595850138033
81,1,168.31,0,1,At Risk,-1.5011528430848093,-0.4150156225571947
157,2,420.07,0,1,At Risk,-0.9528187094883488,0.48768077961004047
227,1,511.68,0,1,At Risk,-1.3664674076742476,0.6367733597016187
253,2,258.25,0,1,At Risk,-1.364136555191789,0.6119936580770129
150,1,179.17,0,1,At Risk,-1.7049077570140567,-0.005316954371122084
194,2,208.59,0,1,At Risk,-1.363985475577652,0.36697814043114124
1,5,1383.83,1,0,Champions,1.9080015718766024,-1.5835290924387402
369,1,56.25,0,1,At Risk,-2.5908698618714117,0.14528060379036564
24,1,337.28,0,2,Recent Customers,-0.7192157663813592,-0.9159508867804734
17,3,351.73,0,2,Recent Customers,0.05330736890639011,-0.8438246363270805
10,7,5126.76,1,0,Champions,2.137816503302856,0.08399274755683839
8,1,164.68,0,2,Recent Customers,-0.6674067303500473,-1.8235870414946587
20,7,1567.69,1,3,Regular Customers,1.3292030782488726,0.06253912738762264
4,3,882.72,1,2,Recent Customers,0.9781037281690361,-1.3213557291977456
174,1,191.94,0,1,At Risk,-1.7287853879740698,0.1131326114082248
1,8,1228.88,1,0,Champions,2.2186274432366035,-1.4716474468735519
178,2,264.62,0,1,At Risk,-1.2189473520766383,0.3989894164734428
16,8,1502.8600000000001,1,0,Champions,1.4964879130338302,-0.041734465033806775
248,1,123.1,0,1,At Risk,-2.0727442978729913,0.17598054355879447
191,2,334.23,0,1,At Risk,-1.1353692901024823,0.5282029915672657
20,2,525.69,0,2,Recent Customers,-0.07579680696330755,-0.7101341910358994
154,4,167.5,0,1,At Risk,-0.9175313758988152,0.33736780586056747
173,1,323.03000000000003,0,1,At Risk,-1.4807670868936238,0.2983239439184251
373,1,369.5,0,1,At Risk,-1.7095270819117125,0.8322216944255444
373,1,127.08,0,1,At Risk,-2.213174346539837,0.44536447677478347
194,1,207.15,0,1,At Risk,-1.7341439730336206,0.20936880465813665
67,1,426.63,0,1,At Risk,-0.9903204891430879,-0.19625062585039776
4,8,2495.87,1,0,Champions,2.2043658851886994,-0.63287702717654
21,3,1107.46,1,3,Regular Customers,0.5195710832470516,-0.2995895954189827
239,2,416.86,0,1,At Risk,-1.11613918363644,0.7499066798190198
64,1,145.35,0,1,At Risk,-1.481501343022122,-0.6153748183765462
112,5,404.58,0,3,Regular Customers,-0.21534020866247905,0.5266726627234095
90,15,6115.01,1,0,Champions,2.0414358537841983,1.7528068311323226
311,1,35.8,0,1,At Risk,-2.7352827419820884,-0.12375808304807544
134,1,337.44,0,1,At Risk,-1.3631925850648534,0.15329015508357047
277,1,325.1,0,1,At Risk,-1.6567388797137972,0.5976838755980879
365,1,181.0,0,1,At Risk,-2.038319285493228,0.5596209915866438
83,1,1708.24,0,3,Regular Customers,-0.41407591172716285,0.442327522047104
8,2,955.24,1,2,Recent Customers,0.5306541355350629,-1.0300564385358653
17,2,364.72,0,2,Recent Customers,-0.18985701045920345,-0.9406972193583187
32,4,1744.71,1,3,Regular Customers,0.7819546710656653,0.2082239421927951
9,2,708.22,1,2,Recent Customers,0.34870848676274957,-1.0721045881131044
34,4,781.91,1,3,Regular Customers,0.37925290510385473,-0.04652997524234004
15,8,1657.28,1,0,Champions,1.5659931045817261,-0.04456715341327716
24,14,4416.26,1,0,Champions,2.322287019246835,0.7905761898233801
32,1,428.89,0,2,Recent Customers,-0.7116365917929405,-0.6526666347006553
74,1,104.35,0,1,At Risk,-1.6920266154468189,-0.6443767000365441
20,2,470.76,0,2,Recent Customers,-0.1280211340090216,-0.7502482932528662
17,4,808.87,1,2,Recent Customers,0.6493255328020302,-0.4557518211525126
23,2,397.68,0,2,Recent Customers,-0.25883559383470817,-0.7268976474738137
3,3,666.1,1,2,Recent Customers,0.9300114286529385,-1.5652287976542902
304,1,314.1,0,1,At Risk,-1.7084167178113838,0.643946494656008
18,12,4199.85,1,0,Champions,2.273816863156778,0.5435669557024488
367,1,307.82000000000005,0,1,At Risk,-1.789690372965198,0.7556494065393297
39,7,3442.15,1,3,Regular Customers,1.4558154210856429,0.7573378747268804
84,1,371.01,0,1,At Risk,-1.141628577726625,-0.10553927345253933
165,2,427.64,0,1,At Risk,-0.9632379901990256,0.525482126925225
17,2,1054.73,1,2,Recent Customers,0.3128046556533538,-0.5545970511868882
77,1,1098.78,0,1,At Risk,-0.5948403346760712,0.2347560593802891
89,3,2398.86,1,3,Regular Customers,0.3476809412966765,0.8748040144904279
25,8,3408.48,1,0,Champions,1.7222913948117293,0.5257244392999187
22,4,1465.12,1,3,Regular Customers,0.8371010386647965,-0.08420428283948146
3,10,2780.63,1,0,Champions,2.522393744126644,-0.658241476520461
123,2,1142.42,0,3,Regular Customers,-0.3865835477726518,0.6979023745612919
30,1,168.12,0,2,Recent Customers,-1.1301035425105408,-1.0320743157106804
12,7,1432.77,1,0,Champions,1.4697565504466206,-0.2742336410453588
19,1,156.78,0,2,Recent Customers,-0.9956006847755142,-1.3351781238228053
44,2,792.11,0,3,Regular Customers,-0.17283730835052435,-0.07789930637645638
4,1,41.989999999999995,0,2,Recent Customers,-1.0825522467395035,-2.687550735043578
9,7,2777.67,1,0,Champions,1.883711340448029,-0.1995745044454049
55,1,414.27,0,1,At Risk,-0.9300599891170516,-0.33001499420126384
88,6,1032.58,1,3,Regular Customers,0.45890353239055387,0.7749858414106592
37,5,3080.22,1,3,Regular Customers,1.1624368332830257,0.574328198242167
3,3,12393.7,1,0,Champions,2.3155339340550247,-0.5009931329810664
30,5,2735.37,1,3,Regular Customers,1.1839320931364778,0.4020308673385619
12,4,578.71,1,2,Recent Customers,0.6151043379840438,-0.7838189249661228
211,1,101.4,0,1,At Risk,-2.1024267325288024,0.004000995028857626
48,4,1693.81,1,3,Regular Customers,0.6169153957606192,0.4480498098760684
24,3,478.78,0,2,Recent Customers,0.07368146792819116,-0.5235358525238508
22,4,972.11,1,3,Regular Customers,0.6427552931926335,-0.23348347015153265
246,3,392.4,0,1,At Risk,-0.8954099755700985,0.8562074038209094
8,16,3352.96,1,0,Champions,2.6952390538293756,0.09049837200759643
35,3,1415.29,1,3,Regular Customers,0.44764693123902305,0.10186414802297399
4,47,37130.6,1,0,Champions,4.999031723169939,0.990596195666094
38,3,646.83,0,3,Regular Customers,0.04620159521285864,-0.13226276205942633
4,3,704.55,1,2,Recent Customers,0.8713416155615779,-1.4033609275469003
3,8,1465.51,1,0,Champions,2.0372832010336754,-0.9681479694259612
47,1,211.88,0,1,At Risk,-1.1880056165884252,-0.6710980604330584
39,2,408.90000000000003,0,2,Recent Customers,-0.4408101833657405,-0.39295877499947574
47,9,3786.2400000000002,1,0,Champions,1.6332465187069447,0.9929656103273319
17,3,851.01,1,2,Recent Customers,0.4714629619322107,-0.5226345482949023
260,1,602.63,0,1,At Risk,-1.340669768021458,0.7819435468014271
46,3,719.81,0,3,Regular Customers,0.025540941171171404,0.024898584197033113
12,1,251.03,0,2,Recent Customers,-0.6089733887727556,-1.4376930758445385
30,1,439.65999999999997,0,2,Recent Customers,-0.676021320857235,-0.6832885738022458
43,1,236.09,0,1,At Risk,-1.1036955852367571,-0.6870288166753312
92,6,934.62,1,3,Regular Customers,0.39489596510856617,0.7665902286129468
39,63,80850.84,1,0,Champions,4.833965621016263,2.7022784669045596
310,1,331.24,0,1,At Risk,-1.6907436141548942,0.6755872954215606
92,2,547.9,0,1,At Risk,-0.6246546847767013,0.24825440470289017
6,20,8778.82,1,0,Champions,3.438732622941937,0.3624899988714784
196,3,437.7,0,1,At Risk,-0.7573302132465766,0.7525150902076562
87,2,758.92,0,3,Regular Customers,-0.44930312367695496,0.3316959355966852
270,3,855.02,0,3,Regular Customers,-0.562192613984964,1.198149351247109
8,3,471.78000000000003,1,2,Recent Customers,0.45698130202798987,-1.1765501382752555
65,3,1313.55,0,3,Regular Customers,0.18075768682416754,0.45896527751624955
31,3,3166.4,1,3,Regular Customers,0.8742735356726498,0.3203344747015397
22,5,1177.47,1,3,Regular Customers,0.8985199508549989,-0.09400580411152465
38,4,773.99,1,3,Regular Customers,0.33309449796543544,0.018367408569718267
120,4,1340.7,0,3,Regular Customers,0.160822098644377,0.9360187861207504
373,2,256.44,0,1,At Risk,-1.51526181859305,0.8547254276451537
40,3,1074.81,0,3,Regular Customers,0.2675898069443037,0.08416536204851648
174,1,137.9,0,1,At Risk,-1.8846047632415475,-0.006554030822553063
54,1,362.06,0,1,At Risk,-0.9868848767981043,-0.39037235328305553
33,2,1511.95,0,3,Regular Customers,0.24047309798230987,-0.020369707335563383
145,1,783.9,0,1,At Risk,-0.9942510335359372,0.5093196391683933
221,1,134.8,0,1,At Risk,-1.986180987507235,0.13603340260411934
45,1,650.75,0,2,Recent Customers,-0.641199899021082,-0.2905581247216087
16,7,2263.12,1,0,Champions,1.583911877315125,0.062225760816304564
66,6,1453.16,1,3,Regular Customers,0.7292461432046268,0.7193230233172653
10,4,1153.62,1,2,Recent Customers,1.0056111742920846,-0.6387842559643744
260,1,335.32,0,1,At Risk,-1.6180025671934912,0.5689210554945241
365,1,367.14,0,1,At Risk,-1.7042972662046847,0.8161871204853394
17,5,1521.04,1,3,Regular Customers,1.1134616158780093,-0.1562216828074017
22,2,852.15,0,2,Recent Customers,0.11814840172422977,-0.47679971648831215
45,1,326.24,0,1,At Risk,-0.9678775297064017,-0.5414829448315294
288,1,584.3199999999999,0,1,At Risk,-1.3942030452541936,0.8353271120029481
297,1,122.39999999999999,0,1,At Risk,-2.14404874369508,0.2878010097810998
3,10,2234.73,1,0,Champions,2.418805315757795,-0.7378089317496229
284,1,79.2,0,1,At Risk,-2.3313272200832444,0.10258633897621151
17,3,1352.0,1,3,Regular Customers,0.690751071699923,-0.3541968460247038
82,2,217.16,0,1,At Risk,-1.0186964425473146,-0.15990820545221002
56,5,2799.42,1,3,Regular Customers,0.9622414605256955,0.7965650971649336
101,2,1317.62,0,3,Regular Customers,-0.24437944683501303,0.6260108273598411
299,1,436.18,0,1,At Risk,-1.5468379675161257,0.7527284822184469
23,5,981.51,1,3,Regular Customers,0.7960315062089468,-0.13326056659083096
59,5,1121.39,1,3,Regular Customers,0.5091227985086029,0.49608646272435664
155,2,315.06,0,1,At Risk,-1.0839720200625764,0.37512685070952695
115,3,817.86,0,3,Regular Customers,-0.2590996856255328,0.6440729899273665
107,1,17.0,0,1,At Risk,-2.669112781333923,-1.0567348903536329
12,4,1078.23,1,2,Recent Customers,0.9097802229085088,-0.5574750113645546
264,1,320.62,0,1,At Risk,-1.6450036672271142,0.5622857008991207
240,1,185.04999999999998,0,1,At Risk,-1.8682710356668426,0.30275518956680425
88,7,2005.63,1,3,Regular Customers,0.894299041020808,1.0676876390369825
50,3,731.9,0,3,Regular Customers,0.0022270517285939433,0.08273527990124294
71,1,1290.7,0,3,Regular Customers,-0.48799672301723385,0.24259601943227246
42,3,1842.14,1,3,Regular Customers,0.5046798099995617,0.31044491220510245
7,6,1429.64,1,0,Champions,1.5333559843490345,-0.6338888131993413
62,1,298.21,0,1,At Risk,-1.1304731203191392,-0.37472816781739005
249,1,336.96,0,1,At Risk,-1.5992474186072265,0.5433957561179342
66,1,108.38,0,1,At Risk,-1.6311392013144859,-0.7022096124683831
18,7,3204.1600000000003,1,0,Champions,1.7062289276098546,0.25932430195143974
85,1,842.5,0,1,At Risk,-0.7579341301198214,0.20002717171910026
219,2,611.88,0,1,At Risk,-0.9012886642763905,0.8342455637166238
45,3,1320.95,1,3,Regular Customers,0.32132574433263406,0.2321504283647134
143,4,195.73999999999998,0,1,At Risk,-0.8159426801826373,0.34713510986767665
183,1,161.38,0,1,At Risk,-1.8297058861083901,0.08212097218618895
171,1,135.75000000000003,0,1,At Risk,-1.8853961817775957,-0.02319724876966631
10,8,1660.8799999999999,1,0,Champions,1.7101534939498901,-0.28130897571958235
212,1,612.78,0,1,At Risk,-1.2551303798809947,0.6591830248434064
190,1,232.21,0,1,At Risk,-1.6723244572004383,0.23763264335266088
8,2,423.36,0,2,Recent Customers,0.14543746352809372,-1.3259457650376898
59,4,1309.14,1,3,Regular Customers,0.4174865181828255,0.4826776783268384
57,2,854.66,0,3,Regular Customers,-0.23378725473134582,0.11062845037953688
73,4,684.4200000000001,0,3,Regular Customers,0.03018846317116052,0.37967456445667885
52,1,307.78,0,1,At Risk,-1.0495194907994665,-0.4728330472748048
317,1,249.0,0,1,At Risk,-1.834094572909417,0.5861192440506154
367,1,289.35,0,1,At Risk,-1.8189322532821903,0.7331883842072399
29,4,6287.77,1,3,Regular Customers,1.426042703010885,0.6145691441175196
39,1,656.25,0,2,Recent Customers,-0.5838265922214042,-0.37609767763674606
18,5,1880.22,1,3,Regular Customers,1.1932668915339706,-0.04478294338001709
52,6,3506.54,1,3,Regular Customers,1.236274323963533,0.8914049823680494
4,33,14589.04,1,0,Champions,4.244076454907705,0.518474004486738
22,2,618.09,0,2,Recent Customers,-0.03390604283327062,-0.5935944724300121
263,1,517.55,0,1,At Risk,-1.4170715772016071,0.733856878790977
60,3,709.38,0,3,Regular Customers,-0.08096704441797685,0.1848738444119489
19,3,635.41,1,2,Recent Customers,0.29287807980320935,-0.5621012546198584
66,2,725.18,0,3,Regular Customers,-0.3666874773086134,0.14231656706523518
88,1,620.4,0,1,At Risk,-0.9159272691331404,0.11046890912097014
250,1,535.34,0,1,At Risk,-1.3817880071317636,0.7141308269179242
3,6,2424.94,1,0,Champions,2.048537037237232,-0.8809644225922428
247,1,175.2,0,1,At Risk,-1.9050003740373505,0.3010947602422292
9,11,3799.4900000000002,1,0,Champions,2.399086304032583,0.06957725792066495
157,3,734.13,0,3,Regular Customers,-0.42828407480910957,0.8006770701346422
134,1,375.0,0,1,At Risk,-1.313291354324217,0.19161986048944624
296,1,76.32000000000001,0,1,At Risk,-2.3644222246876527,0.11541246586803487
5,2,280.52,0,2,Recent Customers,0.10574100283006346,-1.7324463217730401
43,5,2053.02,1,3,Regular Customers,0.9141518248214876,0.5195708066310366
269,1,1829.04,0,1,At Risk,-0.8277191433229754,1.2073854845279028
50,5,1824.23,1,3,Regular Customers,0.8017607906049293,0.5701526438120645
9,9,3092.04,1,0,Champions,2.136446181195627,-0.07518153146558194
16,3,656.69,1,2,Recent Customers,0.3705552878758337,-0.6531489074628033
282,1,348.2,0,1,At Risk,-1.631096735703155,0.6339106921413914
65,2,1025.44,0,3,Regular Customers,-0.19685967408607835,0.25881782336341635
2,19,5533.67,1,0,Champions,3.499463662378581,-0.36135831765324705
252,1,37.4,0,1,At Risk,-2.6350308498096346,-0.24113933520903344
232,2,856.6,0,1,At Risk,-0.7639181216510647,0.9930016192528291
17,3,822.48,1,2,Recent Customers,0.45531369722696374,-0.5350389830049576
11,27,3787.6,1,0,Champions,3.094640836783771,0.5081243909026631
8,4,1822.97,1,2,Recent Customers,1.2990718387623101,-0.5994663223810051
51,6,1885.05,1,3,Regular Customers,0.9493702482301426,0.6533662849734633
59,1,73.2,0,1,At Risk,-1.7729891229164139,-0.9134977507329622
95,5,1140.21,1,3,Regular Customers,0.3374669711095439,0.8000948984741519
16,6,1418.32,1,3,Regular Customers,1.2416499633758245,-0.15893905876535713
126,3,1009.5500000000001,0,3,Regular Customers,-0.19397511450235685,0.7781112124000996
94,4,1037.59,0,3,Regular Customers,0.1318139850468885,0.689397989364561
50,1,331.95,0,1,At Risk,-0.9990915305122061,-0.46977057271659595
138,1,197.9,0,1,At Risk,-1.6263814488308008,-0.021790296504734626
61,1,215.83,0,1,At Risk,-1.2770542998106142,-0.5021568095964273
100,8,10254.18,1,3,Regular Customers,1.726062026476827,1.7870608532129788
73,1,305.54,0,1,At Risk,-1.1804724090216197,-0.26389394715633974
72,4,6617.65,1,3,Regular Customers,1.110588010794121,1.1969245583645387
67,1,338.71000000000004,0,1,At Risk,-1.0994549885280196,-0.28007808158558734
64,6,1158.79,1,3,Regular Customers,0.6335737363331884,0.617732200300847
17,2,529.41,0,2,Recent Customers,-0.013574376137039122,-0.8052925140744078
23,12,4006.94,1,0,Champions,2.1622866445521667,0.6745427349587662
32,15,6911.4400000000005,1,0,Champions,2.4869589633613223,1.1543559835836465
45,4,981.86,1,3,Regular Customers,0.3827015771545427,0.20955836126256097
16,2,215.48,0,2,Recent Customers,-0.4166554892766839,-1.167909743845663
40,1,215.08,0,1,At Risk,-1.1207172345110261,-0.7655907470662542
3,13,5180.52,1,0,Champions,3.035565724553565,-0.33943480151431454
237,1,314.45,0,1,At Risk,-1.613139131847568,0.48710865591485325
75,1,400.68100000000004,0,1,At Risk,-1.0624906423864733,-0.14853992758379506
4,2,1068.8700000000001,1,2,Recent Customers,0.8084273119664894,-1.3617813681935207
3,4,1863.47,1,0,Champions,1.6192586751536184,-1.1055456590773927
361,1,365.27,0,1,At Risk,-1.702514097136187,0.8073659990414636
59,4,592.9,0,3,Regular Customers,0.042344916996612754,0.1945271288205169
23,1,384.18,0,2,Recent Customers,-0.6420590043131493,-0.8945422921935567
31,4,757.63,1,3,Regular Customers,0.398546977034524,-0.1148120751638971
55,4,537.0600000000001,0,3,Regular Customers,0.021881520436128774,0.11482821934618312
25,1,394.38,0,2,Recent Customers,-0.660242358700283,-0.83428129577622
45,2,664.26,0,2,Recent Customers,-0.2645821600299113,-0.12798737173473795
89,5,2262.62,1,3,Regular Customers,0.6868584140444935,1.0086164712564265
2,18,21086.3,1,0,Champions,4.087299340374123,0.10619486885267287
89,1,547.02,0,1,At Risk,-0.9797793592651838,0.07178498217194411
19,2,690.34,0,2,Recent Customers,0.07182054524213033,-0.6419933176071205
79,1,159.0,0,1,At Risk,-1.5185373858595261,-0.4512676548412346
171,3,1062.75,0,3,Regular Customers,-0.28551106615897104,0.9890743961877425
81,1,242.35,0,1,At Risk,-1.3291437239547845,-0.2828934531132036
267,1,914.9300000000001,0,1,At Risk,-1.1530672652594611,0.9505870262691544
235,2,304.25,0,1,At Risk,-1.2586110147642644,0.6248863084849926
30,7,3084.68,1,3,Regular Customers,1.5012093341233104,0.5558303860498702
37,3,860.86,0,3,Regular Customers,0.1914787720601278,-0.04476214602252257
318,1,773.5500000000001,0,1,At Risk,-1.2991087352896573,0.9999596061424665
57,4,1295.3,1,3,Regular Customers,0.42540133531082647,0.45731843685844487
45,5,1096.32,1,3,Regular Customers,0.599909941641883,0.31942049804593625
203,3,255.12,0,1,At Risk,-1.0258443228074845,0.5786460355221545
225,1,314.22,0,1,At Risk,-1.59372204858962,0.4540459106880753
87,2,1010.6,0,3,Regular Customers,-0.31365890611670616,0.43588580871059573
190,2,542.03,0,1,At Risk,-0.9046666729517027,0.7005657223616271
44,4,990.88,1,3,Regular Customers,0.3954290968871464,0.1989523112548238
71,3,536.6800000000001,0,3,Regular Customers,-0.2763689609877583,0.1885313315809412
41,5,867.31,1,3,Regular Customers,0.5236719126534598,0.1764982529175628
78,1,432.2,0,1,At Risk,-1.04146119379471,-0.09648495197941613
57,2,414.2,0,1,At Risk,-0.5766551939035216,-0.15273233063797906
24,2,3718.8,1,3,Regular Customers,0.7844860178839523,0.11234599724229428
10,13,2590.31,1,0,Champions,2.3205772570496865,0.049485447396777425
8,7,3579.86,1,0,Champions,2.0442192054537043,-0.1739929614855641
34,2,409.1,0,2,Recent Customers,-0.389570162670688,-0.4774314565368813
212,2,1522.75,0,3,Regular Customers,-0.45709444886445766,1.1454499054260898
24,3,1413.66,1,3,Regular Customers,0.586393855205634,-0.12971561060576312
170,1,114.56,0,1,At Risk,-1.9629997766099863,-0.0882127774813869
62,1,152.94,0,1,At Risk,-1.4455887264610443,-0.616772064790405
53,5,1800.07,1,3,Regular Customers,0.7736082328798842,0.6015343645585335
261,2,389.44,0,1,At Risk,-1.1818244926125536,0.7807870696647393
67,2,3683.86,1,3,Regular Customers,0.3977718564446709,0.743245327596509
17,8,2619.91,1,0,Champions,1.7380405010703524,0.1968108592963169
267,1,752.4300000000001,0,1,At Risk,-1.245671661254399,0.8794565317884931
177,1,46.95,0,1,At Risk,-2.3954074977318154,-0.3831446945482142
45,5,5203.51,1,3,Regular Customers,1.3380064275207681,0.8863608408982718
51,1,1035.45,0,3,Regular Customers,-0.46807504540710826,-0.04388332553859892
17,4,728.54,1,2,Recent Customers,0.5997954600851796,-0.49379643584019206
9,9,5447.0,1,0,Champions,2.4048628658492124,0.1309923904215924
74,7,861.89,1,3,Regular Customers,0.5595257185448714,0.6518295905183681
71,2,667.65,0,3,Regular Customers,-0.4333166653839505,0.15788276153702593
353,1,1141.24,0,1,At Risk,-1.1546844348188965,1.2074363884130144
3,5,1404.64,1,0,Champions,1.6502929182932513,-1.138685991763058
117,1,411.7,0,1,At Risk,-1.2177192267743484,0.14021733125188973
373,1,351.75,0,1,At Risk,-1.7328052056938026,0.8143415016181467
197,1,559.87,0,1,At Risk,-1.2699788188360275,0.5800576970963364
177,1,810.6000000000001,0,1,At Risk,-1.0540931108626592,0.6471342092442526
100,1,566.38,0,1,At Risk,-1.0073663811683082,0.1575289256602536
21,3,1502.78,1,3,Regular Customers,0.6641933999917075,-0.1885035417553043
72,1,2062.06,0,3,Regular Customers,-0.2712513479508921,0.4218718956797161
340,1,168.3,0,1,At Risk,-2.0455903566384848,0.48842498579350496
6,5,1570.81,1,0,Champions,1.4895006268151079,-0.7432310529789814
31,2,812.68,0,2,Recent Customers,-0.03046316492594478,-0.2846993661018959
170,1,142.5,0,1,At Risk,-1.8603236854379817,-0.00934609887570403
122,1,302.25,0,1,At Risk,-1.3796894250023135,0.054291068254707024
22,10,2248.9900000000002,1,0,Champions,1.753629133931197,0.3733872362159498
10,4,1328.55,1,2,Recent Customers,1.0724999450754142,-0.587406226985254
269,1,301.9,0,1,At Risk,-1.6805781882917212,0.5522947089858046
23,3,598.2,0,2,Recent Customers,0.1946648854454394,-0.46846350320876684
127,1,233.22,0,1,At Risk,-1.5173833001532453,-0.014521950646700931
26,3,5360.63,1,3,Regular Customers,1.1887497122804374,0.40433085074391334
139,1,361.21999999999997,0,1,At Risk,-1.3448874486871367,0.20107618045297307
214,6,632.27,0,3,Regular Customers,-0.11030194190867869,1.1556994269307739
38,4,2560.0,1,3,Regular Customers,0.8998540410595384,0.4537018883078175
106,2,706.57,0,1,At Risk,-0.5578242965546832,0.42962967843857736
18,2,616.26,0,2,Recent Customers,0.03767301961939174,-0.7157894084444077
3,2,274.15000000000003,0,2,Recent Customers,0.2497758236228037,-1.9978207822405798
331,1,226.37,0,1,At Risk,-1.8955413731762758,0.5788749441826301
64,8,2938.91,1,3,Regular Customers,1.3020094064920473,1.052625928108799
120,3,1341.65,0,3,Regular Customers,-0.04075617639149739,0.8509197556791007
35,1,328.15,0,2,Recent Customers,-0.8714817842568655,-0.6947552986259198
218,1,404.40000000000003,0,1,At Risk,-1.4624039792979544,0.5257352651064175
172,2,1038.46,0,3,Regular Customers,-0.55899037088084,0.8742925466807481
72,5,373.65000000000003,0,3,Regular Customers,-0.08604725019813596,0.2207972546013543
1,2,326.75,1,2,Recent Customers,0.5975029317737626,-2.3735196795878477
196,1,207.50000000000003,0,1,At Risk,-1.73724533226977,0.2164494822014255
128,3,408.59000000000003,0,1,At Risk,-0.6281506899993922,0.45910617699504075
47,3,594.24,0,3,Regular Customers,-0.07325995856583493,-0.03146757511100958
6,14,3039.2200000000003,1,0,Champions,2.631417725837118,-0.1524654188705101
14,6,3820.27,1,0,Champions,1.759068043942477,0.12242527388802579
18,3,251.91,0,2,Recent Customers,-0.12508315091253625,-0.9307090370447964
28,7,1582.8,1,3,Regular Customers,1.2104496117593644,0.27064808079944486
8,22,26626.8,1,0,Champions,3.951123356743761,0.9606903644402665
37,1,151.05,0,1,At Risk,-1.2583276653048188,-0.941756643707444
157,1,214.79999999999998,0,1,At Risk,-1.636656130363524,0.08913107927605621
284,1,94.05,0,1,At Risk,-2.2507778851860163,0.16445720331014033
107,1,534.31,0,1,At Risk,-1.0605522524141628,0.1788188281803243
25,4,1971.87,1,3,Regular Customers,0.9310297002812613,0.10163901652924151
75,4,322.41,0,3,Regular Customers,-0.3361421724420526,0.12302269505473158
16,2,328.58,0,2,Recent Customers,-0.21735797329947693,-1.0148270450394297
158,1,101.10000000000001,0,1,At Risk,-1.9939239218579314,-0.17943956634345548
44,1,565.46,0,2,Recent Customers,-0.699306491136008,-0.35557266525163894
11,2,847.45,1,2,Recent Customers,0.3640522099182404,-0.8912424710805428
32,7,1415.65,1,3,Regular Customers,1.1082074263621664,0.3119395666041927
291,1,53.5,0,1,At Risk,-2.523773366625715,-0.02273187664374857
21,4,1116.47,1,3,Regular Customers,0.725323512432198,-0.21128434948954514
333,1,153.9,0,1,At Risk,-2.0798160438548825,0.4429011684190527
18,2,494.44,0,2,Recent Customers,-0.06656726937299438,-0.7958575652653946
4,23,6675.71,1,0,Champions,3.5582534079813737,0.10053630176254137
63,2,395.8,0,1,At Risk,-0.6357516076341124,-0.10683627222074757
198,3,211.77,0,1,At Risk,-1.1042896888208473,0.4953788341915069
33,3,658.88,0,3,Regular Customers,0.10735068675725642,-0.21252730687488985
1,4,2027.5,1,0,Champions,1.9240202030003795,-1.5142469094971138
7,9,1750.92,1,0,Champions,1.9521565921030448,-0.4236692939700286
5,6,3450.41,1,0,Champions,2.0608202447860138,-0.49552029877111586
10,4,891.21,1,2,Recent Customers,0.8833620013882991,-0.7326852422520389
32,5,709.99,1,3,Regular Customers,0.5210161787552816,-0.049183984102208915
53,1,109.36000000000001,0,1,At Risk,-1.544509636029081,-0.8357064284948339
12,2,705.79,0,2,Recent Customers,0.24685847330454921,-0.9070324803506608
18,9,1540.42,1,0,Champions,1.5610334705397293,0.07806246720314206
19,1,327.3,0,2,Recent Customers,-0.6481744996368597,-1.068316102004822
37,2,800.67,0,2,Recent Customers,-0.10316036823133873,-0.18117308097099938
2,2,479.91,1,2,Recent Customers,0.6244210714203391,-1.976834297232257
18,3,1545.41,1,3,Regular Customers,0.7334502628951286,-0.2712597139732694
82,4,1301.91,0,3,Regular Customers,0.2909058055601438,0.6863719421426836
33,2,355.73,0,2,Recent Customers,-0.4446046216015395,-0.5465857301078171
66,2,466.73,0,1,At Risk,-0.5752716900094114,-0.017899349586045922
9,2,974.96,1,2,Recent Customers,0.5000854120148079,-0.9558302424899268
267,1,676.2,0,1,At Risk,-1.2962495804255008,0.8406070542686565
247,3,362.95,0,1,At Risk,-0.9338476425686763,0.8304298782659085
4,4,2157.4,1,0,Champions,1.6034300947885287,-0.9107709486927086
61,1,1743.1499999999999,0,3,Regular Customers,-0.2884831202503808,0.2571760069071635
75,2,643.76,0,3,Regular Customers,-0.4712212478637318,0.17890721420742384
90,2,584.5,0,1,At Risk,-0.5857433558430851,0.25798200090343465
60,3,554.86,0,3,Regular Customers,-0.19726961459919895,0.09554051160975274
29,2,302.57,0,2,Recent Customers,-0.4733055952497252,-0.6847016818864603
323,1,94.36,0,1,At Risk,-2.298226870990693,0.2469481277467136
53,4,1382.07,1,3,Regular Customers,0.48341982048959264,0.435615419253422
270,1,217.89,0,1,At Risk,-1.836011943282927,0.43633256175338847
2,13,3040.96,1,0,Champions,2.8929261556034755,-0.7157806937357747
57,5,1555.34,1,3,Regular Customers,0.6770634665549072,0.5936449054891147
61,5,1482.06,1,3,Regular Customers,0.6287192613139084,0.6183576100070587
154,2,1705.8,0,3,Regular Customers,-0.2818788809279974,0.985260049105232
19,2,408.02,0,2,Recent Customers,-0.17704838701493503,-0.8331523875640903
95,1,303.93,0,1,At Risk,-1.2823969408774516,-0.1008090533816
1,12,4098.32,1,0,Champions,3.1222052486446263,-0.892518255568057
265,2,293.45,0,1,At Risk,-1.321402602040349,0.6876265998886802
312,1,177.5,0,1,At Risk,-1.9877704766917248,0.45338215941136983
70,1,443.05,0,1,At Risk,-0.98894654446,-0.15515944362087852
302,2,167.25,0,1,At Risk,-1.6365177496593337,0.5663582505844726
19,1,154.35,0,2,Recent Customers,-1.0029600635545852,-1.340830946736897
13,10,2079.68,1,0,Champions,1.9061733655187847,0.030186007276281485
36,5,2022.98,1,3,Regular Customers,0.97335555258902,0.40436182967683915
19,2,211.7,0,2,Recent Customers,-0.4870898556135802,-1.0712987815229427
54,1,135.99,0,1,At Risk,-1.4490254188715939,-0.7453477831648626
57,1,262.2,0,1,At Risk,-1.1596867136524163,-0.4738518667055397
22,2,126.25,0,2,Recent Customers,-0.784066131236571,-1.1698010061965103
44,1,200.27,0,1,At Risk,-1.1899433078247572,-0.7324364092082005
27,3,1051.4,1,3,Regular Customers,0.40283974696762925,-0.16560993088609788
45,3,631.12,0,3,Regular Customers,-0.02849861617735609,-0.03655365935286039
113,6,958.71,1,3,Regular Customers,0.32917543223251094,0.9049176220763037
17,51,34684.4,1,0,Champions,4.549831603819532,1.8084237047842422
25,1,346.12,0,2,Recent Customers,-0.7219664055499821,-0.881692241299871
191,1,133.56,0,1,At Risk,-1.9350711876047844,0.04065646309478724
302,1,302.7,0,1,At Risk,-1.7233760430467597,0.6263550379912924
2,10,1863.76,1,0,Champions,2.442670671294737,-0.9862604893125518
263,2,241.06,0,1,At Risk,-1.4114178391699352,0.6114859447307653
106,1,284.55,0,1,At Risk,-1.3549718005923466,-0.0559547912322019
57,1,300.85,0,1,At Risk,-1.0947198128520066,-0.42395004801583286
213,3,623.28,0,1,At Risk,-0.6216749566062908,0.9334725639080604
64,1,287.4,0,1,At Risk,-1.1598591561294074,-0.36831778016887073
28,1,184.26,0,2,Recent Customers,-1.0614074751002411,-1.041154522395759
29,7,1511.8,1,3,Regular Customers,1.1757522442319261,0.2754353393409228
6,5,798.35,1,2,Recent Customers,1.168884128077721,-0.9895002483970402
8,5,3640.67,1,0,Champions,1.7918914148032339,-0.2779040654079555
67,2,381.2,0,1,At Risk,-0.6766853986025153,-0.08205756465515213
2,3,609.3,1,2,Recent Customers,0.997710624939165,-1.7800110813778474
46,4,654.67,0,3,Regular Customers,0.18254377639905603,0.07575871009025731
34,1,230.51,0,2,Recent Customers,-1.0275714044720345,-0.840773864089605
1,2,168472.5,1,0,Champions,3.557315937868572,-0.10005349656425842
136,1,255.91,0,1,At Risk,-1.4994975309398357,0.06223055772005979
198,1,182.99,0,1,At Risk,-1.8004007025973963,0.17730640161659156
198,2,707.69,0,1,At Risk,-0.7940949465846804,0.8235477140630582
150,1,311.92,0,1,At Risk,-1.4431517373015668,0.19574083468304904
88,1,266.97,0,1,At Risk,-1.314739492162735,-0.19586331543754357
45,2,6.9,0,1,At Risk,-2.366663197909926,-1.742619831202436
64,7,1841.18,1,3,Regular Customers,0.9737979287732584,0.8373318227199241
99,5,2158.18,1,3,Regular Customers,0.624213324841442,1.0582044443795078
218,1,208.36,0,1,At Risk,-1.7757349700799232,0.285062151578899
3,18,3482.7400000000002,1,0,Champions,3.1236576802542495,-0.3672064891829905
28,3,811.23,0,3,Regular Customers,0.2666073071401925,-0.2377095863655384
178,1,142.92,0,1,At Risk,-1.8764037479343525,0.02070328283343364
74,3,136.0,0,1,At Risk,-0.9402675560235795,-0.2835603678745304
21,4,1422.4,1,3,Regular Customers,0.8400602314047293,-0.1231537648891018
20,3,1298.66,1,3,Regular Customers,0.6127944974346288,-0.27112409830930123
34,7,1595.96,1,3,Regular Customers,1.1425375769212234,0.3928748569217834
74,1,74.9,0,1,At Risk,-1.8474886888329882,-0.7637888946104557
24,4,625.42,1,2,Recent Customers,0.40204951481038326,-0.3410481498747631
52,4,752.77,0,3,Regular Customers,0.202760241424068,0.20270338618363912
275,1,223.95000000000002,0,1,At Risk,-1.8300470120894536,0.4578682012020647
165,3,316.11,0,1,At Risk,-0.8458213565525584,0.5257664299214759
7,7,1810.65,1,0,Champions,1.7661391051093436,-0.4968159053493147
88,4,544.3,0,3,Regular Customers,-0.14875472717962412,0.4133889678457905
64,7,2494.46,1,3,Regular Customers,1.1177152494162421,0.9478763608239997
25,3,331.0,0,2,Recent Customers,-0.1158813799874987,-0.6327697987332775
10,2,300.83,0,2,Recent Customers,-0.09277177303967311,-1.3228244456542848
76,1,769.29,0,1,At Risk,-0.7587572821343501,0.09688356929602426
16,1,220.62,0,2,Recent Customers,-0.7724184784802415,-1.3144617252750312
192,1,139.35,0,1,At Risk,-1.9170798472000636,0.05929324579106702
174,2,404.3,0,1,At Risk,-1.0099547007641294,0.538561039378653
77,1,363.65,0,1,At Risk,-1.118273671378763,-0.16729906626795982
33,3,498.8,0,2,Recent Customers,-0.024393426696451195,-0.31372146546959445
47,1,731.5,0,2,Recent Customers,-0.6020751325487074,-0.2210381619449066
80,4,1351.63,1,3,Regular Customers,0.31798071208655104,0.6845490018839068
297,1,826.53,0,1,At Risk,-1.2417239589663487,0.9808869851317666
3,3,648.26,1,2,Recent Customers,0.9171586328917529,-1.5751011769093965
9,3,1599.52,1,2,Recent Customers,0.9949445420422818,-0.6656280461026989
50,6,2965.69,1,3,Regular Customers,1.171562443521591,0.8060272298992343
161,2,100.97,0,1,At Risk,-1.6347788459541126,-0.012955561361100147
360,2,365.45,0,1,At Risk,-1.334334889625777,0.9608897263429413
5,6,400.86,1,2,Recent Customers,1.0411798423553444,-1.2787177402977434
107,4,1431.93,0,3,Regular Customers,0.2354315011515678,0.8879248197084924
25,1,465.88,0,2,Recent Customers,-0.581425880529867,-0.7737414584903918
32,1,777.6,0,2,Recent Customers,-0.43000332810757413,-0.43634090747235355
20,2,90.30000000000001,0,2,Recent Customers,-0.9067360989923011,-1.3483881539326916
297,1,363.7,0,1,At Risk,-1.6302329237318576,0.6824688109508013
372,1,248.1,0,1,At Risk,-1.896743622320582,0.6859356568745741
22,3,918.33,1,2,Recent Customers,0.41388472341121435,-0.33954602397568634
5,4,874.59,1,2,Recent Customers,1.1059888429415576,-1.1237848290390673
52,5,1624.14,1,3,Regular Customers,0.7320115786627106,0.5522492951307998
30,1,101.69999999999999,0,1,At Risk,-1.366610630775667,-1.213738112075158
277,1,162.7,0,1,At Risk,-1.983512001654002,0.3466857075643934
61,2,484.32,0,1,At Risk,-0.5281400749477924,-0.05362087267908015
25,2,215.07999999999998,0,2,Recent Customers,-0.5798369501415691,-0.8992346177380315
186,3,1046.57,0,3,Regular Customers,-0.324718979900502,1.0364981666124775
2,21,9418.470000000001,1,0,Champions,3.837836861065693,-0.13123579001731744
2,26,13027.45,1,0,Champions,4.176942814302964,0.06523418896532315
172,1,290.36,0,1,At Risk,-1.528956950822141,0.2559637705151817
81,1,228.06,0,1,At Risk,-1.3578380813123514,-0.30493391680523063
4,1,244.41,0,2,Recent Customers,-0.2565909251302237,-2.0531204080947343
190,1,455.25,0,1,At Risk,-1.3541179173625377,0.48205072180854097
22,7,1244.59,1,3,Regular Customers,1.185096803057081,0.03621239525153992
18,3,6748.8,1,3,Regular Customers,1.4321548747387187,0.2654232804179455
19,3,1082.81,1,3,Regular Customers,0.5453160717443568,-0.3682007491464405
5,1,593.75,0,2,Recent Customers,0.09349025811209599,-1.615142623913085
110,1,548.12,0,1,At Risk,-1.0589413997774553,0.20546466119900425
3,4,1388.81,1,2,Recent Customers,1.4799471331742822,-1.2125524459732897
54,1,119.62,0,1,At Risk,-1.5093677935695138,-0.7916974505244447
165,1,339.3,0,1,At Risk,-1.4395578103977784,0.2863290663615733
291,2,787.15,0,1,At Risk,-0.8901830690858767,1.1053338582776313
10,10,4034.9,1,0,Champions,2.312441235007601,0.11860266158042469
109,5,2298.97,1,3,Regular Customers,0.6177562759298922,1.1416308848491075
96,3,922.12,0,3,Regular Customers,-0.13394248543551024,0.5743235051411988
243,2,379.73,0,1,At Risk,-1.166576356877611,0.7264938072783977
163,12,5719.82,1,3,Regular Customers,1.5968790991450768,2.022445263183163
42,3,837.1,0,3,Regular Customers,0.13100327026296035,0.023419693135157994
35,2,285.89,0,2,Recent Customers,-0.5697481893161163,-0.5897039121641405
67,7,3313.79,1,3,Regular Customers,1.2351021448483142,1.0798851436273786
24,2,281.85,0,2,Recent Customers,-0.43717979118715633,-0.8260294670725454
1,20,8338.49,1,0,Champions,3.892888449284737,-0.4504211189530782
27,2,841.41,0,2,Recent Customers,0.03699859860381702,-0.3567119416500127
6,2,511.12,1,2,Recent Customers,0.3305693278204924,-1.4168010339104713
54,1,1077.74,0,3,Regular Customers,-0.47053854733630823,0.006239161141159423
364,1,173.7,0,1,At Risk,-2.056684401447806,0.5429773173451317
15,5,614.66,1,2,Recent Customers,0.7292906348384685,-0.5605342441203008
194,2,865.6,0,1,At Risk,-0.6909575685448066,0.8839385645253466
3,1,124.2,0,2,Recent Customers,-0.4904656759816982,-2.4396950998093923
15,10,3738.4,1,0,Champions,2.133129046665208,0.3283439855188293
27,3,1421.69,1,3,Regular Customers,0.5457863514852812,-0.05581101092739603
127,3,1009.6,0,3,Regular Customers,-0.1969477329364966,0.7831013037385205
85,2,663.61,0,1,At Risk,-0.5040640697531882,0.26831403047924407
71,1,451.44,0,1,At Risk,-0.985414022445599,-0.13947589077713993
183,1,105.84,0,1,At Risk,-2.0281906648597134,-0.07033745387209465
113,1,313.62,0,1,At Risk,-1.333210236049179,0.01952651158955578
374,1,233.45,0,1,At Risk,-1.9275259503747182,0.6672505173769986
80,2,936.08,0,3,Regular Customers,-0.31827830133141993,0.3554714851586033
249,1,463.95,0,1,At Risk,-1.4479906916637297,0.6595777760471546
232,1,225.15,0,1,At Risk,-1.7628282398074169,0.352440980731948
71,3,459.24,0,3,Regular Customers,-0.3501074974833629,0.13189191930617877
69,1,213.5,0,1,At Risk,-1.3285366331043706,-0.4291566328741835
4,16,4113.68,1,0,Champions,3.0166989473545205,-0.20767029117127542
51,3,330.03,0,2,Recent Customers,-0.3820495803382849,-0.19442457257192008
75,1,181.09,0,1,At Risk,-1.43762221292153,-0.4366827724323729
61,1,360.16,0,1,At Risk,-1.0351366073491384,-0.31633706633773817
16,2,250.15,0,2,Recent Customers,-0.3462186351264029,-1.113806391498917
4,1,90.04,0,2,Recent Customers,-0.7267784235285767,-2.4142767970584744
286,1,145.04999999999998,0,1,At Risk,-2.0497776060998025,0.3253328257919019
4,6,813.52,1,2,Recent Customers,1.445814945683615,-1.1369893228503785
41,1,242.7,0,1,At Risk,-1.0728866339831584,-0.706504581570981
36,1,528.08,0,2,Recent Customers,-0.6569015457132901,-0.5045252473199522
75,2,482.47,0,1,At Risk,-0.6077253649823903,0.07405684241916602
18,14,3347.71,1,0,Champions,2.295806620719162,0.5157364831078798
15,7,5493.46,1,0,Champions,2.0274349399503855,0.34668047201668556
219,1,75.66,0,1,At Risk,-2.253847613018413,-0.07795678167788549
186,1,129.49,0,1,At Risk,-1.9395545243566372,0.01274292647057879
33,4,1187.66,1,3,Regular Customers,0.5883164512709571,0.0871724459704205
70,1,618.59,0,1,At Risk,-0.8309954652392402,-0.033835415230899
183,1,506.19,0,1,At Risk,-1.289668110089338,0.4969301573632255
15,2,500.42,0,2,Recent Customers,0.004768016997236222,-0.9004299543527929
236,1,151.85,0,1,At Risk,-1.9550768754775656,0.2205577190794515
31,5,2647.59,1,3,Regular Customers,1.156344405858447,0.41028269765115344
264,1,226.21,0,1,At Risk,-1.8097708389122498,0.4357261540198951
4,2,178.96,0,2,Recent Customers,-0.036782387765114485,-2.0109965942724926
52,4,813.48,0,3,Regular Customers,0.23948955960489196,0.23091559507577814
246,1,129.45,0,1,At Risk,-2.0460021899908276,0.18904276901671385
81,2,810.5699999999999,0,3,Regular Customers,-0.39114807999108453,0.3108780818905002
275,1,333.08,0,1,At Risk,-1.6425173837886415,0.6019118510471599
1,17,4413.1,1,0,Champions,3.4517466530401952,-0.7410928841235254
79,1,322.8,0,1,At Risk,-1.1842803691576305,-0.1945210217447217
30,5,2188.05,1,3,Regular Customers,1.0781173742050214,0.3207533728950138
74,2,408.63,0,1,At Risk,-0.6812498636868215,0.005298835320273925
17,6,2883.1,1,0,Champions,1.5560084544958541,0.1355293114612495
223,2,217.9,0,1,At Risk,-1.3963405225194592,0.47070008958834897
32,4,1154.47,1,3,Regular Customers,0.5862924062214103,0.05793352131106118
23,10,1680.72,1,0,Champions,1.5993406414098845,0.294344265197487
31,3,1257.51,1,3,Regular Customers,0.4366362143642846,-0.015819751384635674
106,1,231.10000000000002,0,1,At Risk,-1.4532399862745569,-0.13143570727505524
5,2,688.33,1,2,Recent Customers,0.5303551854809746,-1.4062953172666002
246,1,487.51,0,1,At Risk,-1.4199414476671235,0.6699271773427423
178,2,833.78,0,1,At Risk,-0.6759911098524575,0.816040308883333
170,2,214.06,0,1,At Risk,-1.3015993277703386,0.2931028283110912
43,1,290.65999999999997,0,1,At Risk,-1.0054747712178802,-0.6115842873482603
72,1,518.42,0,1,At Risk,-0.9252222432808401,-0.08045062001730126
59,7,6773.97,1,3,Regular Customers,1.6218598907362438,1.2608877805442618
16,2,1212.66,1,2,Recent Customers,0.40074018908854653,-0.5400587853268828
141,4,601.27,0,3,Regular Customers,-0.2801039185714195,0.7457488017795381
18,6,3789.52,1,0,Champions,1.6649370083495356,0.2693379735779947
22,15,8625.8,1,0,Champions,2.7299149548212234,1.0061864761847512
10,4,874.43,1,2,Recent Customers,0.8743595243168907,-0.7396001477353067
368,1,123.24,0,1,At Risk,-2.222466219814266,0.42574589758587117
189,1,39.12,0,1,At Risk,-2.5048635197448115,-0.4067181270596095
16,4,1267.6499999999999,1,3,Regular Customers,0.8839774865707293,-0.32851899673909546
362,1,135.39999999999998,0,1,At Risk,-2.171928799114335,0.4493614204093562
19,1,118.98,0,2,Recent Customers,-1.1254607949493534,-1.4349251579753013
68,2,567.1800000000001,0,1,At Risk,-0.4942621637591148,0.0716020453047301
15,6,306.71999999999997,1,2,Recent Customers,0.5399465112635783,-0.7541459166637853
24,3,1348.88,1,3,Regular Customers,0.5641685151685346,-0.14678714819158298
17,11,4095.9,1,0,Champions,2.210162331513958,0.46954827612120237
28,3,1692.27,1,3,Regular Customers,0.6149377692831623,0.029847020949962187
2,20,8134.9400000000005,1,0,Champions,3.726284834390336,-0.20238200706198373
55,2,304.24,0,1,At Risk,-0.7091300176199187,-0.28702979401089856
34,4,1592.1200000000001,1,3,Regular Customers,0.7161081348451321,0.21221237497182918
3,12,3109.99,1,0,Champions,2.7266143256941757,-0.5535841011667361
366,1,129.75,0,1,At Risk,-2.1961741018854144,0.44090119980468157
43,1,183.7,0,1,At Risk,-1.2220955135592095,-0.7779731542261239
73,6,1770.34,1,3,Regular Customers,0.7848406980525998,0.8541791897241741
5,5,1028.0,1,2,Recent Customers,1.3475144447518437,-0.995244344466681
4,28,66653.56,1,0,Champions,4.820474732484493,1.0109220942236083
61,2,324.24,0,1,At Risk,-0.7179185120536131,-0.1993918582577995
47,7,2959.88,1,3,Regular Customers,1.314618768286937,0.8179595406644504
1,4,1260.86,1,2,Recent Customers,1.698933921619591,-1.6871382536218997
76,2,422.59999999999997,0,1,At Risk,-0.6754020737546856,0.034196022275335865
72,2,225.57999999999998,0,1,At Risk,-0.9516991328894425,-0.22750145622979992
256,2,1276.0,0,3,Regular Customers,-0.6125922430508269,1.2001522389985895
69,2,477.86,0,1,At Risk,-0.5808534536057743,0.018433724035382036
135,4,657.9000000000001,0,3,Regular Customers,-0.2210018057438502,0.7511099702052632
241,1,112.75,0,1,At Risk,-2.103143223248752,0.12618715526237514
227,2,1998.0,0,3,Regular Customers,-0.35437046807281175,1.2874629464213334
9,13,5076.55,1,0,Champions,2.67593355727949,0.234052507706088
9,13,5398.3,1,0,Champions,2.7050658899638362,0.2564293852500654
1,20,14034.99,1,0,Champions,4.139744587956689,-0.2608080987430823
37,3,531.35,0,2,Recent Customers,-0.03696542967487932,-0.22023274713242294
46,1,656.63,0,2,Recent Customers,-0.6451566408311951,-0.2736535011079002
85,5,3029.87,1,3,Regular Customers,0.842623563461546,1.0861017966623474
19,10,2467.99,1,0,Champions,1.8510590917108463,0.31861565452758217
3,5,1651.03,1,0,Champions,1.7268747876534725,-1.079862583032616
9,11,3611.31,1,0,Champions,2.3750074761835878,0.05108203517219673
19,15,6910.78,1,0,Champions,2.6782088486539304,0.83686178004137
219,3,1129.06,0,3,Regular Customers,-0.3508610650984268,1.1671305360751327
78,1,301.71999999999997,0,1,At Risk,-1.2113943874009863,-0.22701257931314583
267,2,901.2,0,1,At Risk,-0.7933392348221477,1.1001846011669871
24,6,3843.08,1,0,Champions,1.5667556005690024,0.4484235227258582
369,1,606.0500000000001,0,1,At Risk,-1.4713015715047875,1.0052337976214634
15,7,1770.22,1,0,Champions,1.4906568327228633,-0.0656249243229683
26,1,152.95,0,2,Recent Customers,-1.1218918356801768,-1.1538809296100916
262,1,292.47,0,1,At Risk,-1.6855401521704219,0.5241237292173
17,13,4730.81,1,0,Champions,2.4179622684935933,0.5809874934819651
91,2,576.4,0,1,At Risk,-0.5965236601300138,0.25983663149191805
302,7,758.27,0,3,Regular Customers,-0.034495579314712144,1.49036663701002
26,5,1358.74,1,3,Regular Customers,0.9051099051227659,0.05975023972078116
364,1,256.32,0,1,At Risk,-1.8730675525019056,0.6840155166679449
46,4,1048.28,1,3,Regular Customers,0.40549261162368216,0.24700825740421012
38,21,7205.33,1,0,Champions,2.7310434533708148,1.3972368246074494
52,3,743.11,0,3,Regular Customers,-0.005269495950760953,0.11264891381763112
32,1,603.75,0,2,Recent Customers,-0.5498140384942499,-0.5283688828435164
52,3,646.76,0,3,Regular Customers,-0.07101999106304492,0.062145207385155506
79,5,2247.41,1,3,Regular Customers,0.7286545407106519,0.9314941116404288
53,1,417.59999999999997,0,1,At Risk,-0.9123805891548226,-0.3501608861189294
298,1,3.75,0,1,At Risk,-3.6897889678914773,-0.8963930021789385
177,1,323.0,0,1,At Risk,-1.4894931346728195,0.31269847692543956
47,1,464.9,0,1,At Risk,-0.8166268824045023,-0.38583781205836437
29,7,2213.13,1,3,Regular Customers,1.3563568218175306,0.414159778619564
11,7,1291.91,1,0,Champions,1.4512994028102364,-0.3626386256497678
87,17,7180.7,1,0,Champions,2.236980530457711,1.8351106847134377
5,18,6680.11,1,0,Champions,3.2775303507363676,0.12699411864187615
38,2,836.06,0,3,Regular Customers,-0.09260004811467747,-0.1489731352950568
18,5,1515.9,1,3,Regular Customers,1.0912040900764044,-0.1231785471497894
45,5,623.93,1,3,Regular Customers,0.33296677309069667,0.11437840071053174
31,1,1764.72,0,3,Regular Customers,-0.030002276248539607,-0.15763171741266077
373,1,207.5,0,1,At Risk,-1.982125942205695,0.6228353956516113
58,1,223.92000000000002,0,1,At Risk,-1.240739505348941,-0.5202568692747552
372,1,2002.4,0,1,At Risk,-0.9082494359783136,1.4452093340078718
114,3,1475.43,0,3,Regular Customers,0.02370775679553428,0.8532715374939757
215,1,239.4,0,1,At Risk,-1.7049144430591094,0.3266689298909096
319,1,106.83000000000001,0,1,At Risk,-2.2352093351482742,0.28383255675374514
65,1,369.34000000000003,0,1,At Risk,-1.0471177508301708,-0.2675614839408368
8,3,789.79,1,2,Recent Customers,0.7008880034312365,-0.9892026145258612
97,1,316.62,0,1,At Risk,-1.2709405058268248,-0.07288787855390698
20,3,1207.24,1,3,Regular Customers,0.5782105693796425,-0.2976884085367472
199,1,611.85,0,1,At Risk,-1.231793118138211,0.6187087783337418
4,13,2790.9500000000003,1,0,Champions,2.6571273684651473,-0.4231848023337506
294,1,34.0,0,1,At Risk,-2.737659020969238,-0.1775409031741648
273,2,1145.6,0,1,At Risk,-0.6881324848326416,1.201527745445073
31,11,5575.56,1,0,Champions,2.136576217634548,0.946591560978805
48,3,478.09000000000003,0,3,Regular Customers,-0.1840643788344432,-0.09745635996774911
260,1,361.54,0,1,At Risk,-1.5824068913064637,0.5962625007900156
58,5,757.1,1,3,Regular Customers,0.32948429290595316,0.3425179441323894
33,5,2242.61,1,3,Regular Customers,1.054503956616199,0.38827830519609596
57,1,171.59,0,1,At Risk,-1.3597781593710345,-0.6275443920160415
68,4,661.52,0,3,Regular Customers,0.04080020387757291,0.32294926233021715
10,11,1691.51,1,0,Champions,1.979125337295542,-0.16461338477958606
60,1,371.54,0,1,At Risk,-1.0142152311829096,-0.3153463598014958
80,2,222.62,0,1,At Risk,-0.9976580942970139,-0.16636789508478836
74,2,245.94,0,1,At Risk,-0.9212242220170328,-0.17902821079145081
2,22,10611.720000000001,1,0,Champions,3.934614172355422,-0.07079184203784314
100,2,422.24,0,1,At Risk,-0.7794470345668387,0.2058827447152077
372,1,311.25,0,1,At Risk,-1.7896083033622978,0.7682275192853251
10,13,2267.9500000000003,1,0,Champions,2.2575874122703334,0.0011022280228244166
20,1,107.6,0,2,Recent Customers,-1.1913498745690245,-1.4402896115633457
123,2,594.39,0,1,At Risk,-0.6959996359916141,0.46023634241644856
8,1,80.8,0,2,Recent Customers,-1.0020567022712323,-2.0806355079842462
4,6,1545.6200000000001,1,0,Champions,1.749856861693862,-0.9034512537738439
29,7,1705.78,1,3,Regular Customers,1.2329573656522719,0.31937524661787203
282,2,110.38000000000001,0,1,At Risk,-1.806023349997268,0.3728339265013564
57,1,243.84,0,1,At Risk,-1.1939725528838683,-0.5001872115022483
1,10,1196.5,1,0,Champions,2.387555786273977,-1.4046041139109908
365,1,414.88,0,1,At Risk,-1.6464818399902352,0.8605958098467903
89,1,305.62,0,1,At Risk,-1.2551227188242584,-0.1397093978407943
11,1,1162.65,0,2,Recent Customers,0.14695113071445587,-0.9312866553589425
163,4,1594.23,0,3,Regular Customers,0.1267327811005164,1.1918200490251338
65,1,332.3,0,1,At Risk,-1.097083560591777,-0.30594079323047346
23,3,536.99,0,2,Recent Customers,0.14357203528932055,-0.5077085051007907
174,2,460.59,0,1,At Risk,-0.9482909990906548,0.5859256330830597
103,4,762.16,0,3,Regular Customers,-0.04887397688059851,0.6345479307733175
143,3,1121.59,0,3,Regular Customers,-0.19210956995742173,0.896043993983327
99,2,288.42,0,1,At Risk,-0.9558538143784351,0.06115521349546596
23,5,914.69,1,3,Regular Customers,0.7626354773070366,-0.1589124379081837
192,1,309.54,0,1,At Risk,-1.5405181078900732,0.34853461961398646
5,2,547.07,1,2,Recent Customers,0.42162320998012454,-1.489813589807975
361,1,479.35,0,1,At Risk,-1.5739495491919597,0.906117897044831
8,10,1652.18,1,0,Champions,1.9658996335829213,-0.33367245668589157
14,21,6416.7,1,0,Champions,3.0410922837898604,0.749292545056888
103,4,417.06,0,3,Regular Customers,-0.33424105997293374,0.4153542142031953
3,9,1604.75,1,0,Champions,2.175628338319299,-0.894810154318408
11,11,3349.57,1,0,Champions,2.269696458191866,0.1392678671641801
96,1,497.61,0,1,At Risk,-1.0531933091214185,0.0848548354152831
227,1,358.38,0,1,At Risk,-1.5349213853432557,0.5073819350279367
16,2,460.64,0,2,Recent Customers,-0.05758355272403336,-0.8921024873249805
39,2,775.1800000000001,0,3,Regular Customers,-0.1380755030712702,-0.16042480861015115
51,1,341.7,0,1,At Risk,-0.9928236010632607,-0.4469486858901239
93,2,128.5,0,1,At Risk,-1.3135325044414201,-0.2709622107661741
157,1,197.22,0,1,At Risk,-1.6769472751040027,0.0581829907129734
39,1,325.91,0,2,Recent Customers,-0.9149671427759416,-0.6304505174828181
184,3,199.15,0,1,At Risk,-1.1054154087694275,0.42686468803874217
1,4,1106.53,1,2,Recent Customers,1.6370781894159263,-1.7346503481703115
228,1,413.46,0,1,At Risk,-1.4689803975330338,0.5620904048400555
128,2,180.85,0,1,At Risk,-1.273465179899782,0.053337499880360364
40,2,251.87,0,2,Recent Customers,-0.6792777249509667,-0.5532296515784825
31,11,3170.98,1,0,Champions,1.869050017296236,0.7411016302671269
197,2,588.85,0,1,At Risk,-0.8792017380591852,0.7535044022657638
9,34,16594.35,1,0,Champions,4.066588686308101,1.015876664257514
37,6,1869.82,1,3,Regular Customers,1.065342423544497,0.4515745847614359
101,3,1264.19,0,3,Regular Customers,-0.0036798727322501874,0.7209901653106485
43,16,10196.57,1,0,Champions,2.6162862133101705,1.5015304716859392
50,1,214.32,0,1,At Risk,-1.2057603080220929,-0.6285152217157169
43,1,193.44,0,1,At Risk,-1.197728306156119,-0.7592564238476934
53,1,281.42,0,1,At Risk,-1.0989705148235043,-0.49348273963707867
187,1,124.57,0,1,At Risk,-1.959815178422794,0.00212638058491668
334,1,332.41,0,1,At Risk,-1.7174736067529948,0.7239928913530891
4,3,342.45,1,2,Recent Customers,0.5299799117877694,-1.6655647519476269
10,2,144.91000000000003,0,2,Recent Customers,-0.4374230978358626,-1.5875550655430866
24,2,328.4,0,2,Recent Customers,-0.3649393013623098,-0.7705407215593475
15,1,35.400000000000006,0,2,Recent Customers,-1.6057724281429058,-2.0107908343233745
369,1,375.69000000000005,0,1,At Risk,-1.6975631950167036,0.8314396597785948
145,2,747.81,0,1,At Risk,-0.6496804873768427,0.6472745772323169
60,2,173.76,0,1,At Risk,-1.0062286405926841,-0.43592540316086575
31,2,502.8,0,2,Recent Customers,-0.25776755723723055,-0.45929446657219974
141,3,207.73999999999998,0,1,At Risk,-0.9844408061728152,0.2744751374884153
23,4,817.12,1,3,Regular Customers,0.5442372570003134,-0.26968851653939563
22,6,2812.34,1,3,Regular Customers,1.4505939023662637,0.281874216813421
77,3,680.02,0,3,Regular Customers,-0.19488883946478835,0.32534498240503695
5,6,7123.62,1,0,Champions,2.4044756515872066,-0.2315546548716851
67,5,2095.53,1,3,Regular Customers,0.7575741483998026,0.8029951889338319
12,6,846.62,1,3,Regular Customers,1.0996987287680562,-0.5167488149032987
84,1,13.3,0,1,At Risk,-2.6867408994134845,-1.2923576991756198
31,7,1491.43,1,3,Regular Customers,1.144670732965356,0.3114112614606721
67,1,432.0,0,1,At Risk,-0.9844033159195698,-0.19170557749934988
67,3,705.12,0,3,Regular Customers,-0.12531692615672002,0.25155010320895843
187,2,272.48,0,1,At Risk,-1.223859487366382,0.4407087196466643
38,2,429.84000000000003,0,2,Recent Customers,-0.4075147114597617,-0.39086268581025374
15,3,450.41,0,2,Recent Customers,0.21526168706363769,-0.8286521163659746
35,1,192.32999999999998,0,1,At Risk,-1.1237870697362118,-0.8885538707499833
195,3,1578.67,0,3,Regular Customers,-0.1479192274434871,1.215891266877067
2,5,742.43,1,2,Recent Customers,1.4581624255381451,-1.5530464279457787
1,5,518.19,1,2,Recent Customers,1.4428252093863918,-1.940836370663985
367,1,145.93,0,1,At Risk,-2.1418942126556244,0.4851176136799817
65,1,202.27,0,1,At Risk,-1.3315572021859188,-0.48604267597677786
299,2,289.78,0,1,At Risk,-1.373298650882466,0.7593123790151215
26,3,501.03,0,2,Recent Customers,0.06577702488037163,-0.45823729934056195
8,6,1271.06,1,0,Champions,1.4326572835902278,-0.6020101936496672
17,3,887.11,1,2,Recent Customers,0.4911391589058293,-0.5075210366176716
116,1,1706.88,0,3,Regular Customers,-0.5410310999069545,0.6520967991046319
29,1,363.2,0,2,Recent Customers,-0.7538557054901772,-0.7734817917488216
4,16,3653.75,1,0,Champions,2.9604956884878897,-0.2508406563753917
5,7,3037.6,1,0,Champions,2.121246826157385,-0.4908364178348972
82,4,559.59,0,3,Regular Customers,-0.10898073059639583,0.37921452539836
29,5,928.76,1,3,Regular Customers,0.6846252990290784,-0.011900123245855907
72,1,379.14,0,1,At Risk,-1.0732409006962256,-0.19414544175012172
4,8,1508.96,1,0,Champions,1.9658870770438976,-0.8160553241056165
29,11,2555.58,1,0,Champions,1.791435091135365,0.6216347328061766
290,1,113.44,0,1,At Risk,-2.1707106235989273,0.2452783329427914
36,1,183.76,0,1,At Risk,-1.1557520571413393,-0.887698024039403
9,6,621.6800000000001,1,2,Recent Customers,1.0536919316604156,-0.7953914279844817
24,2,562.41,0,2,Recent Customers,-0.11044351850406653,-0.5750596033742087
277,1,391.52,0,1,At Risk,-1.5688383060304325,0.6652013104245437
50,6,1068.82,1,3,Regular Customers,0.6879444261782264,0.4345547059029544
156,11,2592.25,1,3,Regular Customers,1.1659625791863735,1.6760161386496801
61,1,154.18,0,1,At Risk,-1.4356725645734325,-0.6239933108232206
12,19,7069.08,1,0,Champions,3.0554180072536576,0.6573771036340823
21,3,829.89,1,2,Recent Customers,0.3829054502435362,-0.404564029403564
371,1,230.25,0,1,At Risk,-1.9309739820426752,0.6571533869885963
116,3,543.05,0,3,Regular Customers,-0.45624757823070783,0.5006016011634533
80,17,2814.7,1,0,Champions,1.8246796404698464,1.4415515476537308
4,7,1295.39,1,0,Champions,1.78700123588564,-0.916650702149294
26,3,378.89,0,2,Recent Customers,-0.06640718071378247,-0.5597694977359766
5,21,4554.87,1,0,Champions,3.228647294273196,0.04363080588803364
53,1,150.23000000000002,0,1,At Risk,-1.3951249796533938,-0.7209623673553694
1,2,563.23,1,2,Recent Customers,0.8550693745869516,-2.175679952411952
55,2,931.03,0,3,Regular Customers,-0.1798459800601965,0.11951932180431554
26,1,261.9,0,2,Recent Customers,-0.8681494526029315,-0.9589785064036117
9,4,2711.6800000000003,1,0,Champions,1.4470269304374088,-0.3881139444191039
52,3,3049.88,1,3,Regular Customers,0.6637623282156977,0.6265399010107274
13,9,1904.99,1,0,Champions,1.7783506853724695,-0.038210261729493926
212,3,816.73,0,3,Regular Customers,-0.49189539726979825,1.028814144707573
22,19,4345.5,1,0,Champions,2.6067939180772215,0.8418802558681591
236,1,406.48,0,1,At Risk,-1.4901508477848129,0.5776727122869326
139,3,435.02,0,1,At Risk,-0.6297599567887675,0.533755387118394
4,6,1286.27,1,0,Champions,1.6628264586064312,-0.9703003006246934
57,3,1178.56,0,3,Regular Customers,0.17874017362253947,0.33759072615007213
135,3,1277.75,0,3,Regular Customers,-0.10851900558035428,0.9072448394726567
109,2,167.61,0,1,At Risk,-1.2484438872851673,-0.075200390562678
30,1,20.8,0,1,At Risk,-2.101505349549939,-1.7782191410373032
1,9,2085.08,1,0,Champions,2.5644936808395755,-1.2389103038814908
185,4,518.67,0,3,Regular Customers,-0.45315623889817697,0.8631360816234533
18,1,308.74,0,2,Recent Customers,-0.6561738513131593,-1.1220274817158877
239,2,416.64,0,1,At Risk,-1.1163888885445497,0.7497148786264602
87,1,117.35000000000001,0,1,At Risk,-1.6979166146433111,-0.5006647162025656
39,3,507.05,0,2,Recent Customers,-0.07871252972033926,-0.20473218529463105
116,1,234.17,0,1,At Risk,-1.481139069206398,-0.07001087195166612
187,1,110.55000000000001,0,1,At Risk,-2.0159506689398454,-0.04099193097569845
227,1,201.19,0,1,At Risk,-1.8076426117313082,0.2979016454592324
8,7,2154.97,1,0,Champions,1.8036505710612474,-0.3587764778297375
189,1,319.02,0,1,At Risk,-1.5202754568454,0.34955521203349277
4,2,439.43,1,2,Recent Customers,0.38759485940104055,-1.6850275826186558
39,3,650.41,0,3,Regular Customers,0.03914328028248272,-0.11420579124117974
38,1,357.21,0,2,Recent Customers,-0.8619416128463288,-0.6131995453285375
267,1,251.51999999999998,0,1,At Risk,-1.7639927528142358,0.48132818003699873
78,1,344.33,0,1,At Risk,-1.1489518007347665,-0.17904971514779294
4,6,1852.0,1,0,Champions,1.8355529126711356,-0.837627138022507
255,2,1028.46,0,1,At Risk,-0.7132736231758242,1.1192023051640572
61,1,384.06,0,1,At Risk,-1.0047536234167285,-0.29299954928262517
13,7,1905.87,1,0,Champions,1.5766556682010837,-0.12339896313909747
88,2,4459.52,1,3,Regular Customers,0.3855445167142283,0.9834306210739588
17,10,5464.12,1,0,Champions,2.268059661443632,0.5412121741729673
30,2,1873.2,1,3,Regular Customers,0.3772859539449573,-0.0009448578260340141
3,7,1616.8,1,0,Champions,1.9772593652962958,-0.977444083220755
5,1,126.12,0,2,Recent Customers,-0.6381363339018836,-2.1771133673754166
7,6,1133.25,1,0,Champions,1.4232806494819237,-0.7184389354165411
219,1,179.0,0,1,At Risk,-1.8491194326708862,0.2329195572807046
11,5,1614.31,1,3,Regular Customers,1.2965490444543841,-0.3915993890975141
30,6,1456.96,1,3,Regular Customers,1.024891516071104,0.23169569505816923
288,3,702.0,0,1,At Risk,-0.680136792317247,1.1671911688984569
150,4,295.0,0,1,At Risk,-0.6403934496117862,0.5259947112411169
23,2,484.82,0,2,Recent Customers,-0.16510495214972823,-0.6549020708123476
1,11,3989.57,1,0,Champions,3.037029094299708,-0.9329285439139688
86,3,1493.73,0,3,Regular Customers,0.1361352929384777,0.6808746823554659
46,2,1312.1399999999999,0,3,Regular Customers,0.04962760644722357,0.13330458164347206
5,4,781.78,1,2,Recent Customers,1.0528614864057482,-1.1645925585236274
51,6,889.9300000000001,1,3,Regular Customers,0.5937658535389748,0.3802224869699462
18,1,195.36,0,2,Recent Customers,-0.8722861441395148,-1.288025802712749
30,1,270.9,0,2,Recent Customers,-0.9049622359491488,-0.8591407061160629
8,3,583.4300000000001,1,2,Recent Customers,0.557505528118159,-1.0993363318219378
29,3,1838.6100000000001,1,3,Regular Customers,0.6412911572611012,0.08152806224180553
3,20,8694.26,1,0,Champions,3.647915926727526,0.004204749461937828
41,2,920.1,0,3,Regular Customers,-0.07554532920826386,-0.06714896653059484
11,4,1258.08,1,2,Recent Customers,1.0134396197677968,-0.5520808830767236
31,1,71.0,0,1,At Risk,-1.5471330192481472,-1.3229571728832001
45,3,95.85,0,1,At Risk,-0.917974549025057,-0.7197702847878235
61,3,357.77,0,1,At Risk,-0.4110829761922716,-0.05361273253990848
185,2,154.82999999999998,0,1,At Risk,-1.4864687827475236,0.22907721221571437
79,6,877.5600000000001,1,3,Regular Customers,0.42257815934571047,0.6482190583336354
111,2,716.0,0,1,At Risk,-0.5689926830803326,0.4634033551531803
64,1,146.87,0,1,At Risk,-1.4766021324893424,-0.6116116787975079
12,2,380.35,0,2,Recent Customers,-0.04570309464978572,-1.1317523629334163
86,3,1030.14,0,3,Regular Customers,-0.03990946850305391,0.5456526899486399
16,3,745.52,1,2,Recent Customers,0.4306254452127562,-0.6070083333680271
246,2,433.53000000000003,0,1,At Risk,-1.108573129368694,0.7823791048830857
88,1,1267.32,0,1,At Risk,-0.5776298562148373,0.3703190167089809
30,1,112.4,0,2,Recent Customers,-1.3196174174024824,-1.1776420880305483
138,1,449.73,0,1,At Risk,-1.238490762909622,0.27615297063265437
27,3,1071.49,1,3,Regular Customers,0.4118059231257616,-0.15872290854902077
3,5,1036.58,1,2,Recent Customers,1.5063385146639245,-1.2492590137325816
32,4,1735.18,1,3,Regular Customers,0.7793591187881855,0.20623026883675236
25,1,948.48,0,2,Recent Customers,-0.2448502550138525,-0.5152138754758587
113,3,339.44,0,1,At Risk,-0.6686101898963425,0.31339500994993036
157,1,642.02,0,1,At Risk,-1.118961818077218,0.486777994707196
85,3,1100.9,0,3,Regular Customers,-0.004023090121534593,0.5624964647451347
118,3,925.35,0,3,Regular Customers,-0.21037148165961814,0.7051800622270578
3,9,5655.03,1,0,Champions,2.7726524414431477,-0.43622912027771227
96,6,3185.64,1,3,Regular Customers,0.9598932338333241,1.239623294161592
194,1,240.89000000000001,0,1,At Risk,-1.6629143791762526,0.2640810694301915
28,1,399.09,0,2,Recent Customers,-0.6963412280106288,-0.7607429674723526
131,1,498.48,0,1,At Risk,-1.1700568247410892,0.2807996704952202
28,5,1356.33,1,3,Regular Customers,0.8769715857574351,0.10440455403951539
82,3,1179.89,0,3,Regular Customers,0.04236733500130575,0.5652022490443764
30,5,3080.39,1,3,Regular Customers,1.240237387400489,0.44527960709706316
266,1,234.24,0,1,At Risk,-1.7961748510700455,0.453141998793434
74,11,5232.2300000000005,1,0,Champions,1.7810791081486959,1.4634050693251952
314,4,533.33,0,1,At Risk,-0.6412118727748328,1.2072419977271702
21,7,1461.14,1,3,Regular Customers,1.278080536887354,0.06641179165797632
59,3,855.45,0,3,Regular Customers,0.01401226177333672,0.24250003812298482
12,21,4552.14,1,0,Champions,2.933006089227187,0.5335653190915919
28,9,2709.7000000000003,1,0,Champions,1.6671651550859101,0.5517209617152409
114,1,304.24,0,1,At Risk,-1.3508978497405453,0.014039657066514371
28,9,2429.03,1,0,Champions,1.6153383872354317,0.5119122292578692
18,4,1446.09,1,3,Regular Customers,0.9038890042350359,-0.21007931510298092
18,4,834.12,1,2,Recent Customers,0.6432293374095559,-0.410294982979853
36,3,841.0799999999999,0,3,Regular Customers,0.1906571294031519,-0.07012413592470083
36,2,378.2,0,2,Recent Customers,-0.4479417830809096,-0.4707345013068291
78,1,118.80000000000001,0,1,At Risk,-1.6509292885663636,-0.5646243581655334
22,2,287.62,0,2,Recent Customers,-0.39575298037866896,-0.871533238914965
25,2,288.91,0,2,Recent Customers,-0.44047228507684866,-0.7921870263933701
33,2,2003.85,1,3,Regular Customers,0.3739516135574585,0.08215666534251093
109,3,1405.78,0,3,Regular Customers,0.017775334525970694,0.8074923043773354
35,2,2747.9900000000002,1,3,Regular Customers,0.5017912087730098,0.23335774082430016
123,5,1562.4,1,3,Regular Customers,0.3889526964090271,1.0769822339679334
7,6,2050.08,1,0,Champions,1.7041679578738507,-0.5026861849709583
28,4,1991.01,1,3,Regular Customers,0.8938936867320868,0.17438070249488025
4,7,1974.65,1,0,Champions,1.9867696013171008,-0.7632063384982423
3,9,3827.76,1,0,Champions,2.587645836722393,-0.5783348068878261
50,4,1774.03,1,3,Regular Customers,0.6235615601526364,0.4902538685231801
322,1,302.0,0,1,At Risk,-1.7488873166577548,0.6660354886562249
23,3,1324.16,1,3,Regular Customers,0.5709988588690761,-0.17939707896516374
15,4,1022.13,1,3,Regular Customers,0.8051513754021763,-0.4452866532788077
2,8,954.42,1,0,Champions,1.944006417796498,-1.3065777420185616
18,2,971.74,0,2,Recent Customers,0.2533315341937548,-0.550139639706886
10,4,1621.73,1,3,Regular Customers,1.1669846278839775,-0.5148314627225626
262,1,25.5,0,1,At Risk,-2.825709159162307,-0.35165311039721103
159,2,665.78,0,1,At Risk,-0.739672929632092,0.6630654585088763
33,6,10797.48,1,0,Champions,1.9390386239940258,1.01952520002491
29,6,881.29,1,3,Regular Customers,0.7992617809383628,0.027979179971703648
165,1,163.29999999999998,0,1,At Risk,-1.7848063837964605,0.021139692998201152
47,1,231.61,0,1,At Risk,-1.1459790260366352,-0.6388169561164931
6,8,801.12,1,0,Champions,1.5374139284310249,-0.8331419334749043
8,3,837.5,1,2,Recent Customers,0.7286650486145256,-0.9678667487943139
288,1,116.19999999999999,0,1,At Risk,-2.156776443968593,0.24958577277625765
318,1,157.02,0,1,At Risk,-2.0528077338594994,0.42103479504837243
3,2,606.91,1,2,Recent Customers,0.6256438858880226,-1.7091122296803483
233,1,307.46,0,1,At Risk,-1.617289319545827,0.46820262694455433
119,1,138.32,0,1,At Risk,-1.739047552029001,-0.24463478081548598
162,1,345.29999999999995,0,1,At Risk,-1.4243038592065178,0.28113312047362926
185,1,294.24,0,1,At Risk,-1.5503620572235772,0.30671369300180906
50,1,230.5,0,1,At Risk,-1.1714055662282679,-0.6021269520737035
152,5,989.45,0,3,Regular Customers,0.09224089635174643,1.0439636207954814
335,1,157.09,0,1,At Risk,-2.0724310961856496,0.4541100828749013
5,5,2463.17,1,0,Champions,1.761579122166147,-0.6771965354505206
16,7,4892.240000000001,1,0,Champions,1.9493286298304078,0.34290654296135886
107,2,413.2,0,1,At Risk,-0.8152822216128449,0.2404999059842096
16,7,1139.73,1,3,Regular Customers,1.2588698234918645,-0.18744275402096192
276,1,380.5,0,1,At Risk,-1.58096409260627,0.6525455392910011
16,12,10650.77,1,0,Champions,2.757477747650063,0.8119269889982469
247,1,454.12,0,1,At Risk,-1.4550545308925127,0.646703302564128
239,1,579.0,0,1,At Risk,-1.3275618161824736,0.7142241752892785
1,2,984.57,1,2,Recent Customers,1.1195335181395818,-1.9725420224984365
106,3,749.78,0,3,Regular Customers,-0.2694059307102117,0.5612623654678992
23,4,1714.59,1,3,Regular Customers,0.8953510124190615,5.970137702744069e-06
52,1,124.88,0,1,At Risk,-1.4749792628783245,-0.799633558680904
195,3,1689.5,0,3,Regular Customers,-0.11576750774435363,1.2405873700807204
24,1,213.78,0,2,Recent Customers,-0.9346055313824178,-1.0813942259005322
75,1,329.34,0,1,At Risk,-1.155205035635847,-0.21975491221220234
18,2,251.70000000000002,0,2,Recent Customers,-0.38578929515223237,-1.0410556500737749
8,2,319.0,0,2,Recent Customers,0.011601767453087983,-1.4287464921381512
32,3,1266.97,1,3,Regular Customers,0.42843231800890647,0.00641492960705281
22,3,1538.88,1,3,Regular Customers,0.6584610958810646,-0.15168411822968023
31,6,3518.03,1,3,Regular Customers,1.4305644127153538,0.5727399294706319
29,10,1715.46,1,0,Champions,1.5237952860433794,0.44324983849635435
22,2,293.1,0,2,Recent Customers,-0.3868346351514981,-0.8646829560623822
33,7,2467.35,1,3,Regular Customers,1.360080890239729,0.5330906841567933
284,1,158.68,0,1,At Risk,-2.0048008016252687,0.35339501124685363
39,2,206.34,0,2,Recent Customers,-0.7639724548214294,-0.6411834075254887
58,2,835.78,0,3,Regular Customers,-0.2508966095902065,0.11333913213814306
289,1,224.91,0,1,At Risk,-1.8469290872986335,0.49078636193486763
79,1,317.76,0,1,At Risk,-1.1917187189651806,-0.20023450320795694
5,8,3766.6,1,0,Champions,2.32978712842199,-0.36746310944148436
218,1,59.9,0,1,At Risk,-2.3612327251925707,-0.1646653628768543
44,4,1443.69,1,3,Regular Customers,0.5737343049697344,0.3359105785500933
202,1,306.13,0,1,At Risk,-1.5650504780894148,0.3765369912716604
178,3,711.79,0,3,Regular Customers,-0.49058658194804716,0.8685468901559928
56,4,783.97,0,3,Regular Customers,0.19419721830657002,0.263599629920953
57,2,239.92000000000002,0,1,At Risk,-0.8347358852252073,-0.3509670579680499
8,6,3347.31,1,0,Champions,1.8915536191516493,-0.24952667585174634
47,2,144.0,0,1,At Risk,-1.0031893834527847,-0.655852235243191
227,1,203.95,0,1,At Risk,-1.8012139169846648,0.3028395993358386
11,7,2474.23,1,0,Champions,1.7592339596660531,-0.12611057467004014
106,2,383.75,0,1,At Risk,-0.8467001530054091,0.20774083296748452
59,2,444.74,0,1,At Risk,-0.5559520955527459,-0.1053913413579328
28,7,2093.68,1,3,Regular Customers,1.3430110709506522,0.3724700519925807
36,7,1699.3000000000002,1,3,Regular Customers,1.1510409258285381,0.45093924006741154
274,2,262.62,0,1,At Risk,-1.38655536442171,0.6684394914150846
30,1,1013.01,0,2,Recent Customers,-0.28086271297579823,-0.37976273277810235
24,3,692.22,0,2,Recent Customers,0.24818007514308155,-0.38950147884184616
54,1,289.78,0,1,At Risk,-1.0921479525236248,-0.4712261242781265
36,6,3560.08,1,3,Regular Customers,1.3807374251680813,0.6691022118048846
175,4,1564.56,0,3,Regular Customers,0.09085505425779176,1.2297493642956474
54,1,384.08,0,1,At Risk,-0.9589651773732921,-0.3689269131989057
53,1,204.24,0,1,At Risk,-1.2503282231162864,-0.6097423244943008
27,8,2317.2200000000003,1,0,Champions,1.511071984020978,0.43220864122965746
253,1,226.85,0,1,At Risk,-1.792242106887473,0.40987452795262586
40,7,2781.23,1,3,Regular Customers,1.3453242283134015,0.6953670936789197
60,6,1059.1200000000001,1,3,Regular Customers,0.6152296079197195,0.5447425234752429
234,1,113.5,0,1,At Risk,-2.0888146978979645,0.10997319976904818
4,10,1951.97,1,0,Champions,2.269451266906376,-0.645596659110483
32,1,114.23,0,1,At Risk,-1.3359094359701402,-1.132177738035322
24,14,3187.55,1,0,Champions,2.167734437620851,0.6718625862605434
7,2,334.48,0,2,Recent Customers,0.07899439880690479,-1.486207884087892
65,1,328.65,0,1,At Risk,-1.10230472441184,-0.30995122880748344
310,2,416.89,0,1,At Risk,-1.2151014493113834,0.9142198411652843
309,1,393.49,0,1,At Risk,-1.6080836756280081,0.7360926920702412
19,6,939.32,1,3,Regular Customers,0.9843520873073764,-0.20586009300491362
16,8,1906.09,1,0,Champions,1.6091204290129761,0.04477985720890387
96,2,318.76,0,1,At Risk,-0.8969490396086459,0.0781542089389775
264,8,3638.41,1,3,Regular Customers,0.8663763577540828,2.02125972903657
12,10,3124.72,1,0,Champions,2.127449500070425,0.1314264897557642
3,2,417.77,1,2,Recent Customers,0.44892373760699755,-1.84485299443424
35,1,190.88,0,1,At Risk,-1.1273567008859138,-0.8912957452157027
183,1,149.89000000000001,0,1,At Risk,-1.86450329624855,0.05539268393029189
25,2,550.06,0,2,Recent Customers,-0.1359348930273632,-0.558268376510755
13,6,916.13,1,3,Regular Customers,1.1087610584358472,-0.44106369161845166
11,2,314.69,0,2,Recent Customers,-0.10472189009172328,-1.2513132125954318
3,17,3719.1,1,0,Champions,3.105859887712531,-0.36398039842952223
313,1,382.5,0,1,At Risk,-1.6263780250610151,0.7339298961205505
108,2,1135.04,0,3,Regular Customers,-0.34040140947670766,0.6138083748665955
1,26,8540.05,1,0,Champions,4.131616790872026,-0.34559049921756124
53,1,954.9,0,1,At Risk,-0.5208525657038808,-0.049423738471815526
205,1,171.45,0,1,At Risk,-1.844319871835637,0.17563142284151637
15,1,280.09000000000003,0,2,Recent Customers,-0.6365481445754178,-1.2663185896516562
120,1,318.65,0,1,At Risk,-1.3484536761535588,0.0630807564261027
4,2,381.97,1,2,Recent Customers,0.3213103469227288,-1.7359414738906167
363,1,269.83,0,1,At Risk,-1.8477565933062319,0.700912973878192
117,2,348.91,0,1,At Risk,-0.9290866690875444,0.23520566133205129
18,1,178.26,0,2,Recent Customers,-0.9154876155939811,-1.3212093464725543
5,2,271.19,0,2,Recent Customers,0.08976047109584599,-1.7447211507604343
41,2,291.48,0,2,Recent Customers,-0.6194834615919027,-0.4849540599891238
107,2,240.0,0,1,At Risk,-1.0720621201668292,0.04326433243932758
148,2,581.23,0,1,At Risk,-0.7767570956180269,0.5685276482731305
52,5,1253.3600000000001,1,3,Regular Customers,0.6092202326070011,0.4579318594513309
208,1,63.440000000000005,0,1,At Risk,-2.316588656881978,-0.1737158805296412
139,2,550.01,0,1,At Risk,-0.7790890826774363,0.5089587342611045
2,3,296.58,1,2,Recent Customers,0.657140076596627,-2.041607210253618
127,2,317.2,0,1,At Risk,-1.0052033572448837,0.2521756798379196
108,4,763.64,0,3,Regular Customers,-0.06589280887033802,0.6650212668576787
42,4,2148.63,1,3,Regular Customers,0.7795307194473422,0.4518254902085385
35,1,107.82,0,1,At Risk,-1.396285896857901,-1.0978633329014944
228,2,1065.3500000000001,0,1,At Risk,-0.6540041734117134,1.0613693180832233
241,1,246.04,0,1,At Risk,-1.7354132029309772,0.40864478483340305
58,1,187.82999999999998,0,1,At Risk,-1.3236681954996758,-0.5839553435607684
130,3,1685.46,0,3,Regular Customers,0.03701160470033593,0.9842921838018568
60,6,1647.48,1,3,Regular Customers,0.8245557936196899,0.7055283580635224
22,1,151.37,0,2,Recent Customers,-1.0655327001676518,-1.2592850584488104
26,7,1049.06,1,3,Regular Customers,1.042878475694829,0.0756670979710614
9,7,1417.63,1,0,Champions,1.5649456720637789,-0.4444220559252468
32,3,931.02,0,3,Regular Customers,0.2824786065372771,-0.10569378355632959
4,2,513.01,1,2,Recent Customers,0.46084771977668887,-1.6287612237200186
308,1,550.8000000000001,0,1,At Risk,-1.4477266813748226,0.8562684349125889
8,9,1854.06,1,0,Champions,1.934287639515635,-0.32816819859898877
29,3,547.0,0,2,Recent Customers,0.06707285111006014,-0.35953557860958585
17,1,128.18,0,2,Recent Customers,-1.0501818609237108,-1.474808930560516
101,2,498.42,0,1,At Risk,-0.7047340391635225,0.2724072058799265
12,4,656.61,1,2,Recent Customers,0.674887801579751,-0.7378985636091769
21,1,163.24,0,2,Recent Customers,-1.0129824884493681,-1.2601431122910403
15,5,1135.63,1,3,Regular Customers,1.02000876016684,-0.33723033087812254
361,1,250.04,0,1,At Risk,-1.8816303790895303,0.6697847366403209
11,19,8631.31,1,0,Champions,3.180654741049467,0.6793450309233613
95,1,82.75,0,1,At Risk,-1.8951225990457925,-0.5714506312272692
78,2,1384.85,0,3,Regular Customers,-0.1231906455023308,0.482135511698731
139,3,644.3,0,3,Regular Customers,-0.4438780754235234,0.6765333837183415
31,1,2328.84,0,3,Regular Customers,0.10145311182760963,-0.056659332078871034
25,8,2527.92,1,0,Champions,1.5806291462244113,0.4169120478038485
2,38,6281.23,1,0,Champions,4.163828604545074,-0.059758228910560075
46,3,2600.34,1,3,Regular Customers,0.6340752182160129,0.4923207143192085
100,3,1200.6200000000001,0,3,Regular Customers,-0.024359822353051997,0.6959691038875203
8,2,657.16,1,2,Recent Customers,0.35352817495612837,-1.1661089123517998
15,7,906.52,1,3,Regular Customers,1.1735850990978223,-0.3091713451626717
18,4,986.48,1,3,Regular Customers,0.7226887130212015,-0.3492613288249259
280,1,96.8,0,1,At Risk,-2.2318548986220534,0.16588448548513557
14,2,523.11,0,2,Recent Customers,0.05040654885119931,-0.9252244626592819
23,2,363.9,0,2,Recent Customers,-0.3008153102709639,-0.759142747246745
124,1,175.2,0,1,At Risk,-1.6432878089520913,-0.13322423239419592
86,1,494.25,0,1,At Risk,-1.0148368564315207,0.013418215176342093
302,2,307.02,0,1,At Risk,-1.3497893648005324,0.7865975985929924
151,4,1981.06,0,3,Regular Customers,0.2587073229607117,1.222725449630804
17,8,6493.54,1,0,Champions,2.1683083343530587,0.5273044974406081
94,2,243.36,0,1,At Risk,-1.0165042451621693,-0.03299806156641008
30,11,12353.29,1,0,Champions,2.5258623164660317,1.2161644126399855
157,3,682.29,0,3,Regular Customers,-0.4629581165922997,0.7740435425230994
355,1,193.64,0,1,At Risk,-1.9958997662414295,0.5665138195733161
46,1,157.62,0,1,At Risk,-1.3194679876563944,-0.791599749968689
15,4,519.6899999999999,1,2,Recent Customers,0.4848749519844396,-0.6912946329588067
4,15,2622.88,1,0,Champions,2.7485162234658387,-0.3947184453083891
86,1,228.96,0,1,At Risk,-1.3785887570430975,-0.2659837752021298
15,5,1156.6,1,3,Regular Customers,1.0286768701489861,-0.33057225657594247
179,1,98.25,0,1,At Risk,-2.0547355117469466,-0.11110905732988122
8,4,1281.32,1,2,Recent Customers,1.1320057322188257,-0.7277917073880676
36,3,587.15,0,3,Regular Customers,0.020486016421812546,-0.20083451184841855
129,2,1740.0,0,3,Regular Customers,-0.20528204130453304,0.8809822335995611
51,1,1393.06,0,3,Regular Customers,-0.3275263569876498,0.06407372767117489
312,1,178.22,0,1,At Risk,-1.9858617633774036,0.45484826391333016
24,2,384.39,0,2,Recent Customers,-0.290504943610866,-0.7133668410288805
303,2,360.81,0,1,At Risk,-1.2747305393402508,0.8473066712341196
11,1,127.86,0,2,Recent Customers,-0.896471017525083,-1.7327511275251384
17,3,568.24,0,2,Recent Customers,0.28023786190144656,-0.6695167321930156
49,3,488.2,0,3,Regular Customers,-0.18188001409817026,-0.07704348484585662
239,2,312.23,0,1,At Risk,-1.2527949423854614,0.6449398303621193
1,11,4462.68,1,0,Champions,3.090153227109791,-0.8921232906099672
13,8,4767.36,1,0,Champions,2.117815130077348,0.25546292160886197
238,1,167.55,0,1,At Risk,-1.9119262153440157,0.26149516161937425
23,8,1878.87,1,0,Champions,1.4705756416510762,0.2581508550351034
73,4,446.18,0,3,Regular Customers,-0.17230943155105571,0.2241336181751276
17,3,418.4,0,2,Recent Customers,0.13539423507002615,-0.7807727766625946
41,8,1337.18,1,3,Regular Customers,1.095641778958433,0.48912120660600106
40,4,646.92,0,3,Regular Customers,0.22907746744775442,-0.01515195133859427
219,2,495.77,0,1,At Risk,-1.0008812537055083,0.7577473580257205
199,3,400.1,0,1,At Risk,-0.8055903183413465,0.7294616283068057
71,2,203.2,0,1,At Risk,-0.9957414254587335,-0.2741221218431699
24,20,4058.32,1,0,Champions,2.5866795068192427,0.8885067024325334
11,1,389.71999999999997,0,2,Recent Customers,-0.3705070187890815,-1.328752171458703
9,29,20275.61,1,0,Champions,4.022098674019434,1.029877665712099
65,1,65.4,0,1,At Risk,-1.862060501131113,-0.8935283203910723
4,1,193.39000000000001,0,2,Recent Customers,-0.36709943610873097,-2.138003257831722
19,2,336.4,0,2,Recent Customers,-0.2683209065507652,-0.903259852521092
15,1,256.11,0,2,Recent Customers,-0.6788290195907253,-1.298795012769607
8,6,2686.42,1,0,Champions,1.787299085099431,-0.3296057744659267
20,2,746.81,0,2,Recent Customers,0.0904121629013072,-0.582467182503846
78,4,1259.56,0,3,Regular Customers,0.29410566838236796,0.6430252774724112
1,34,31833.68,1,0,Champions,4.990271676911044,0.23285117461023053
164,2,508.8,0,1,At Risk,-0.8787107492339736,0.5848051084020691
307,2,417.27,0,1,At Risk,-1.2109677252579614,0.9084060501661498
219,1,203.86999999999998,0,1,At Risk,-1.7877547983553748,0.2800544339309005
39,8,7330.8,1,0,Champions,1.9207757261918572,1.0776703166570347
22,2,681.41,0,2,Recent Customers,0.01226722184656335,-0.5581282603438971
115,3,653.38,0,3,Regular Customers,-0.36541717152558967,0.5624093144316031
126,5,2097.84,1,3,Regular Customers,0.5194700191212732,1.1994029351360669
5,13,2633.85,1,0,Champions,2.5600206424060947,-0.32869715998206894
36,1,263.92,0,2,Recent Customers,-0.9848805197403954,-0.7564496441173056
4,15,31906.82,1,0,Champions,3.9330502098693914,0.5151356418198224
1,3,1031.41,1,2,Recent Customers,1.401861307660335,-1.8455875767223915
333,3,2184.42,0,3,Regular Customers,-0.19762709025992636,1.6720136163783257
163,1,32.65,0,1,At Risk,-2.532035494308499,-0.5640563022449547
185,2,771.85,0,1,At Risk,-0.7271943298405703,0.8122845934803947
16,5,1214.72,1,3,Regular Customers,1.0287461273812335,-0.27429863926668807
12,3,778.94,1,2,Recent Customers,0.5538671984037317,-0.7611203260006622
3,7,1258.06,1,0,Champions,1.858387717567093,-1.068750753836817
44,2,778.0,0,3,Regular Customers,-0.18134881783678364,-0.08443709404873447
80,1,507.84,0,1,At Risk,-0.9747038383599094,-0.022022834038098987
30,7,6893.42,1,0,Champions,1.882402112641998,0.8486289139941984
42,2,463.46000000000004,0,2,Recent Customers,-0.4091850037397156,-0.30160033658168284
11,12,4226.57,1,0,Champions,2.4523636662672694,0.25456214762283325
50,3,598.83,0,3,Regular Customers,-0.09277617149408099,0.009762218822642405
16,6,1979.37,1,3,Regular Customers,1.3995939359507223,-0.0376204890712507
46,2,698.41,0,3,Regular Customers,-0.2490616486192802,-0.09612204741312447
19,2,759.17,0,2,Recent Customers,0.11682281491025148,-0.6074265601670039
8,6,5037.26,1,0,Champions,2.0852959718849435,-0.1007109613956069
72,1,100.8,0,1,At Risk,-1.6979548379559029,-0.6739953537205072
1,28,17256.85,1,0,Champions,4.529790252738226,-0.062080860820899704
128,3,524.9200000000001,0,1,At Risk,-0.5096153798944643,0.5501545028395606
33,2,265.76,0,2,Recent Customers,-0.5824083641254236,-0.65243435901681
313,1,403.3,0,1,At Risk,-1.6013342873537093,0.7531662771543626
18,2,365.76,0,2,Recent Customers,-0.20916413574073517,-0.9053878473557248
88,1,303.15999999999997,0,1,At Risk,-1.2546740137123529,-0.14972633524897094
2,7,2373.82,1,0,Champions,2.2691600606208953,-1.0200146342445302
2,2,216.29999999999998,0,2,Recent Customers,0.24775130031633188,-2.2661586515103207
254,1,388.45000000000005,0,1,At Risk,-1.5395729586547955,0.6075964147690507
157,3,186.42000000000002,0,1,At Risk,-1.0763102327641136,0.30292077512827686
37,6,2248.56,1,3,Regular Customers,1.1527567011853113,0.51871849004214
220,1,534.24,0,1,At Risk,-1.3341368527586863,0.6326892494795642
148,3,2940.04,0,3,Regular Customers,0.25152264136699604,1.2684563066864056
177,2,120.9,0,1,At Risk,-1.5861107931883738,0.11177171482408774
40,2,541.53,0,2,Recent Customers,-0.31732261031317854,-0.27520779303304466
2,7,2519.21,1,0,Champions,2.2973346618998827,-0.9983734011341779
8,46,194390.79,1,0,Champions,5.540368556558028,1.9580683723565675
1,7,1721.4,1,0,Champions,2.2717467445505317,-1.3940370245467484
18,2,486.71999999999997,0,2,Recent Customers,-0.07401378092627402,-0.8015773158587649
192,4,517.53,0,3,Regular Customers,-0.46830988546102115,0.8857560692539413
204,1,131.7,0,1,At Risk,-1.9666975287561443,0.07711907133271066
365,1,249.86,0,1,At Risk,-1.8861683012225157,0.6764899007849361
127,5,1737.7,1,3,Regular Customers,0.42721553037864063,1.1358146019302737
15,1,316.5,0,2,Recent Customers,-0.5787946150655097,-1.2219574438560745
43,2,657.3,0,2,Recent Customers,-0.2525884582873284,-0.15999734420877007
94,6,622.4300000000001,0,3,Regular Customers,0.19427372378888316,0.6322216507079098
23,3,735.82,1,2,Recent Customers,0.29269569223451924,-0.3931649206055544
60,2,675.69,0,3,Regular Customers,-0.36431700551741464,0.05713425696898025
16,5,1875.86,1,3,Regular Customers,1.2346546623507055,-0.11613794124790597
158,1,289.96000000000004,0,1,At Risk,-1.4973725376708382,0.20196722447687976
10,2,763.28,1,2,Recent Customers,0.3477520596841019,-0.9844530571742918
10,2,137.0,0,2,Recent Customers,-0.4638507781613753,-1.6078544687121685
16,5,1870.97,1,3,Regular Customers,1.233417678012705,-0.1170880830492911
45,5,1125.07,1,3,Regular Customers,0.6121729563745992,0.3288398597553892
191,3,697.54,0,3,Regular Customers,-0.526943585243564,0.9056369714723868
79,1,194.37,0,1,At Risk,-1.4238383826574228,-0.3785282686358588
78,1,511.82,0,1,At Risk,-0.9614591115968012,-0.0350344386956749
4,4,1255.59,1,2,Recent Customers,1.3469282941467282,-1.107792912054239
65,3,414.04,0,3,Regular Customers,-0.3658842986044588,0.03908332364492219
261,1,396.87,0,1,At Risk,-1.5397757232954232,0.6325542749565386
59,2,376.64,0,1,At Risk,-0.6345644611162256,-0.16577439741858113
1,7,2092.32,1,0,Champions,2.364222562221201,-1.3230052925458429
1,10,3558.87,1,0,Champions,2.904142566912165,-1.0078079061912637
248,1,374.57,0,1,At Risk,-1.5476847354472916,0.5792847917629643
8,2,497.56,0,2,Recent Customers,0.22184373980617755,-1.267257231359621
359,1,271.05,0,1,At Risk,-1.8414044596357422,0.6955450224694102
76,1,272.22,0,1,At Risk,-1.2502146521065463,-0.280610451011592
290,1,622.88,0,1,At Risk,-1.3665867148835118,0.8629350935762312
17,3,1138.0,1,2,Recent Customers,0.6091139714798119,-0.4169032353298209
221,2,288.6,0,1,At Risk,-1.2602051688652882,0.566950087653787
9,4,689.1,1,2,Recent Customers,0.7979763243849609,-0.8866571297124588
3,2,558.96,1,2,Recent Customers,0.5866865576898364,-1.7390357985197138
206,9,2997.0299999999997,1,3,Regular Customers,0.9641479707806465,1.8343661542926395
162,2,1145.84,0,3,Regular Customers,-0.4896319249476491,0.872351676082837
76,1,302.2,0,1,At Risk,-1.200847793270013,-0.2426912027699473
262,2,605.58,0,1,At Risk,-0.9743846538178059,0.9436567569447007
281,1,387.31,0,1,At Risk,-1.5794085704181504,0.6703302937551293
58,8,6083.64,1,3,Regular Customers,1.6839011919834976,1.256147402404925
25,1,308.48,0,2,Recent Customers,-0.7763885921792281,-0.9234945445713993
3,31,91062.38,1,0,Champions,5.142741544084694,1.0207621618997855
29,10,2924.9900000000002,1,0,Champions,1.7766950933558678,0.6375050696322997
72,1,513.2,0,1,At Risk,-0.9300114560664781,-0.08412926907014054
128,1,208.65,0,1,At Risk,-1.5729026313599288,-0.04995019254271754
31,4,639.02,1,3,Regular Customers,0.31793353863928075,-0.1767321781269727
15,5,764.88,1,2,Recent Customers,0.8328133197609952,-0.4810172871833154
309,1,153.94,0,1,At Risk,-2.051208525189073,0.39572343284338807
17,6,1844.02,1,3,Regular Customers,1.3441923672920044,-0.027169044916911123
54,1,546.81,0,1,At Risk,-0.7918360556616966,-0.24055312552132863
30,3,723.2099999999999,0,3,Regular Customers,0.18674467527424116,-0.23720654540620034
2,5,1070.71,1,0,Champions,1.6315782638475844,-1.4198437414296536
11,4,652.74,1,2,Recent Customers,0.7026653327391987,-0.790790163243375
361,1,145.0,0,1,At Risk,-2.138625379168912,0.47238394115645155
360,1,422.70000000000005,0,1,At Risk,-1.632394317447542,0.858660509619111
5,4,1195.8999999999999,1,2,Recent Customers,1.2542061793610297,-1.0099373996934895
54,4,939.37,0,3,Regular Customers,0.2934871842000666,0.306742118835264
1,8,3628.5,1,0,Champions,2.7317482970719285,-1.0775134571260139
1,10,2367.12,1,0,Champions,2.71086365738609,-1.1562676446255413
190,1,296.7,0,1,At Risk,-1.5565608318231037,0.32655200649406035
54,1,223.36,0,1,At Risk,-1.2151036310795007,-0.5656697856283152
280,1,164.4,0,1,At Risk,-1.982713555994966,0.3572527969593478
177,1,76.5,0,1,At Risk,-2.167756340936456,-0.2082832403162398
30,2,887.67,0,2,Recent Customers,0.023465756985106834,-0.27271819316936796
26,1,98.42,0,2,Recent Customers,-1.32922800555543,-1.313138210309372
25,2,578.9,0,2,Recent Customers,-0.11174727974064984,-0.5396895944248055
270,1,170.75,0,1,At Risk,-1.951008601467556,0.3480023148745751
43,3,642.32,0,3,Regular Customers,-0.0031905289973080788,-0.058336700268213804
234,1,103.3,0,1,At Risk,-2.133055052587243,0.07599167792833272
24,2,148.86,0,2,Recent Customers,-0.7383706078551602,-1.057377574173211
197,3,267.16,0,1,At Risk,-0.9926589192114247,0.5764518906018735
359,1,290.34,0,1,At Risk,-1.8089223870399698,0.7204948735069389
60,4,930.41,0,3,Regular Customers,0.249395358469707,0.36889343469247116
130,1,1487.6,0,1,At Risk,-0.649362726502677,0.6736986083439911
1,5,1952.45,1,0,Champions,2.071120402080235,-1.458235655482187
20,2,480.31,0,2,Recent Customers,-0.1185185011534811,-0.7429492123980035
206,1,157.9,0,1,At Risk,-1.8849709684570148,0.14889767307250396
14,3,541.46,1,2,Recent Customers,0.32703582499395306,-0.8026471101089614
95,4,854.95,0,3,Regular Customers,0.03610880411913034,0.6255963370568879
19,1,165.12,0,2,Recent Customers,-0.9711775193714066,-1.316418411464527
14,7,1122.38,1,3,Regular Customers,1.2994147913968284,-0.2723701070237571
24,3,454.01,0,2,Recent Customers,0.04854730262452837,-0.5428416920274738
8,2,869.77,1,2,Recent Customers,0.4862584527503445,-1.0641572696611632
7,8,4331.48,1,0,Champions,2.2861335991120386,-0.13421107421462652
332,1,344.14,0,1,At Risk,-1.698791230333373,0.732790010022356
50,4,1425.67,1,3,Regular Customers,0.5199707720686566,0.41068460076986885
71,4,226.75000000000003,0,1,At Risk,-0.4817618374520598,-0.03896882870215679
29,3,380.6,0,2,Recent Customers,-0.10452515866619624,-0.49134197026241505
243,1,185.65,0,1,At Risk,-1.8714701817976969,0.3117704424481734
8,19,3564.83,1,0,Champions,2.8713405366717444,0.17497444713110813
218,1,143.45999999999998,0,1,At Risk,-1.951671625658825,0.1499231965201655
5,3,448.90000000000003,1,2,Recent Customers,0.58834775851552,-1.451655314089613
253,3,215.72,0,1,At Risk,-1.1887866282635717,0.6567771854756272
1,25,11025.24,1,0,Champions,4.218563496185472,-0.2670113502956735
236,1,175.27,0,1,At Risk,-1.8874813243931459,0.2724786340821302
7,2,1242.3,1,2,Recent Customers,0.7001201970829696,-1.0091140626618869
109,4,1116.68,0,3,Regular Customers,0.11061054130360065,0.8090645418039316
100,3,1240.2,0,3,Regular Customers,-0.008993385573525135,0.7077722395247671
60,4,2404.17,1,3,Regular Customers,0.6992154992565128,0.7144054235971361
2,3,1468.02,1,2,Recent Customers,1.4142089395613218,-1.4600939678203493
73,7,2203.67,1,3,Regular Customers,1.0094329616631834,0.9849606066247615
4,5,3923.86,1,0,Champions,2.051933457333296,-0.6232484815765515
85,2,993.18,0,3,Regular Customers,-0.31311315098257203,0.4149856126191782
12,2,386.69,0,2,Recent Customers,-0.03788499845312709,-1.1257471939304664
23,7,2806.69,1,0,Champions,1.5542103582668585,0.3592005164647922
214,1,2044.3700000000001,0,3,Regular Customers,-0.6879606561277601,1.1034994818309543
18,1,161.67000000000002,0,2,Recent Customers,-0.961534595974476,-1.356578558145669
239,1,116.00999999999999,0,1,At Risk,-2.0865751948513465,0.13121732812939232
2,6,5054.42,1,0,Champions,2.506575872378913,-0.795922370452641
78,1,394.72,0,1,At Risk,-1.0843687748197937,-0.12944275514299464
217,2,309.36,0,1,At Risk,-1.2204327014319274,0.5806383475659284
33,2,191.99,0,2,Recent Customers,-0.735897735985145,-0.7703312990120225
41,5,1105.78,1,3,Regular Customers,0.6387311567439489,0.26487657274565146
7,15,3961.12,1,0,Champions,2.764387181576154,0.05333145670592119
53,6,2048.45,1,3,Regular Customers,0.9743495719308074,0.7075517922124996
23,14,4544.55,1,0,Champions,2.3514556045744532,0.7751245176366736
57,1,386.32,0,1,At Risk,-0.9765028655119514,-0.3331462602480028
130,3,329.6,0,1,At Risk,-0.7356143290305112,0.3908293775884024
174,3,571.1999999999999,0,1,At Risk,-0.5861246455141556,0.7742049919898119
6,3,930.28,1,2,Recent Customers,0.8744271043540996,-1.0889624173790535
312,1,214.37,0,1,At Risk,-1.89873881938736,0.5217683924886682
60,1,81.44,0,1,At Risk,-1.72937157070049,-0.8646661141644086
21,3,1379.9,1,3,Regular Customers,0.6237733087049363,-0.21955067563368594
33,1,527.0500000000001,0,2,Recent Customers,-0.6255247664821282,-0.5588389253998849
15,2,843.48,0,2,Recent Customers,0.2519343948112726,-0.7105786359135753
18,4,2020.4,1,3,Regular Customers,1.0623687180800485,-0.08834923641896612
81,1,75.75,0,1,At Risk,-1.8762942745141618,-0.7031660416713325
6,8,1814.12,1,0,Champions,1.924632419597888,-0.5357149868074895
170,2,503.59999999999997,0,1,At Risk,-0.8972162443312783,0.6037140943918853
2,3,528.33,1,2,Recent Customers,0.9302199942545195,-1.831851405822844
31,4,1324.84,1,3,Regular Customers,0.6632620155408135,0.08851857002976037
36,9,2358.59,1,3,Regular Customers,1.50832760735216,0.6556396763524157
19,1,285.56,0,2,Recent Customers,-0.7126501185711085,-1.1178405614807037
31,2,547.0600000000001,0,2,Recent Customers,-0.21784109585392838,-0.42862649546192383
276,1,108.5,0,1,At Risk,-2.1727985659555413,0.1979507191667315
87,1,621.66,0,1,At Risk,-0.9106503995442271,0.10404345738109029
120,2,712.29,0,1,At Risk,-0.6009777586422098,0.5105119130354929
373,1,101.55,0,1,At Risk,-2.318581300886867,0.3644001909668548
1,11,2895.64,1,0,Champions,2.8851178877740047,-1.0496132770870872
219,3,1008.39,0,3,Regular Customers,-0.4044048637855546,1.1260029326166903
65,1,133.06,0,1,At Risk,-1.5289233552520396,-0.6376418728670257
61,4,1797.5,1,3,Regular Customers,0.5551823530232366,0.6188511600377773
138,1,868.49,0,1,At Risk,-0.9269523805347006,0.5154491611638775
21,1,166.08,0,2,Recent Customers,-1.0048535812339354,-1.2538992057938503
12,10,3945.0,1,0,Champions,2.237945645110493,0.21629984107416725
25,12,4867.72,1,0,Champions,2.2239591967051022,0.7961419654671402
37,4,1207.56,1,3,Regular Customers,0.5537008599464361,0.1637292322719742
277,1,117.55,0,1,At Risk,-2.1365223190709335,0.22915673475942838
11,7,2638.94,1,0,Champions,1.7897804209460855,-0.10264748879664537
73,5,1674.69,1,3,Regular Customers,0.6190347755658117,0.7749960546369522
26,2,595.42,0,2,Recent Customers,-0.11284524459222568,-0.5055343504309088
17,12,2999.46,1,0,Champions,2.1349070002340507,0.3867293075818927
141,1,178.75,0,1,At Risk,-1.6825395274729875,-0.04512407594305914
26,7,1802.91,1,3,Regular Customers,1.2994484230965992,0.2727414056374359
19,2,604.64,0,2,Recent Customers,0.00906795690210872,-0.6901942975995943
4,2,728.16,1,2,Recent Customers,0.6266364319620482,-1.5014170199124448
66,5,2055.51,1,3,Regular Customers,0.7540949744390371,0.7865839826121164
1,2,347.75,1,2,Recent Customers,0.626949988407808,-2.3509010589826858
43,7,3406.7200000000003,1,3,Regular Customers,1.4145027876175942,0.8139913425068058
228,1,205.7,0,1,At Risk,-1.798854213759023,0.3087105581029734
16,4,1572.71,1,3,Regular Customers,0.9861497336383533,-0.25003932654592587
50,2,3178.17,1,3,Regular Customers,0.4376746046318417,0.5071122745401441
2,6,1594.97,1,0,Champions,1.9598843596852769,-1.2158423667820242
74,2,551.04,0,1,At Risk,-0.5397778741324827,0.11396508667958465
1,31,20374.28,1,0,Champions,4.6976008686691415,0.03605246223645056
4,6,1371.18,1,0,Champions,1.6931141023503362,-0.9470360154575417
2,30,16345.38,1,0,Champions,4.409521824494246,0.20070683063389905
264,1,298.11,0,1,At Risk,-1.6794080748627316,0.5358592823566417
53,2,1992.1100000000001,0,3,Regular Customers,0.19444563077863863,0.37329134301554134
24,1,184.4,0,2,Recent Customers,-1.004353148045419,-1.1349681670594174
10,6,2474.33,1,0,Champions,1.6716639450212398,-0.2323338912766695
44,1,239.41,0,1,At Risk,-1.1056865720308815,-0.6677178478920355
17,7,3155.83,1,0,Champions,1.7196783437929661,0.21951555667160666
7,7,5739.46,1,0,Champions,2.312983334321659,-0.0767786057172932
30,15,4726.8,1,0,Champions,2.330727599850047,0.9763744528984085
358,2,290.40000000000003,0,1,At Risk,-1.440872623017058,0.8739049023179059
127,4,740.9399999999999,0,3,Regular Customers,-0.14156266884267518,0.7559076587375023
137,1,200.47,0,1,At Risk,-1.617535976707271,-0.021691706353637888
142,1,283.12,0,1,At Risk,-1.4681377348548332,0.1260681567961845
132,2,765.34,0,1,At Risk,-0.6030840405732552,0.596583231487624
38,8,2285.71,1,3,Regular Customers,1.3780051419223451,0.6372834870923028
236,1,338.95,0,1,At Risk,-1.5760646599880244,0.5116813316502383
261,1,154.95,0,1,At Risk,-1.9838650192461431,0.2914442134399105
17,4,2534.64,1,3,Regular Customers,1.1904923629547495,-0.04007539659703923
253,1,417.95,0,1,At Risk,-1.503450995541011,0.6316982797410016
30,4,1824.37,1,3,Regular Customers,0.826994786805472,0.1848413340551026
35,3,798.74,0,3,Regular Customers,0.17666258143224658,-0.10628202680149297
169,2,885.19,0,1,At Risk,-0.627947804666472,0.8051032233859878
3,9,1823.52,1,0,Champions,2.2361903319837793,-0.8482917951216734
4,17,10504.49,1,0,Champions,3.5128628706937315,0.15557606620899625
185,2,152.4,0,1,At Risk,-1.493920981600728,0.22335309314230004
188,2,263.33,0,1,At Risk,-1.2420216012343621,0.43167784817339155
170,1,137.45,0,1,At Risk,-1.8773106808229882,-0.022394004091156983
11,2,385.1,0,2,Recent Customers,-0.009257456395195688,-1.177985890482975
45,1,522.91,0,1,At Risk,-0.7447275637939598,-0.3700789067385389
321,1,153.0,0,1,At Risk,-2.0686019212100457,0.4175835332322273
201,1,326.4,0,1,At Risk,-1.5328600456596126,0.39668330026905213
23,11,5655.99,1,0,Champions,2.2532600311452775,0.7694349213479462
232,1,139.35,0,1,At Risk,-1.9890285081344776,0.17869397050749153
38,15,5396.04,1,0,Champions,2.3058043971383477,1.170127184884359
26,4,1195.94,1,3,Regular Customers,0.6796674635671478,-0.0564365857252197
96,4,2424.04,1,3,Regular Customers,0.5259317305532932,1.01144488342305
127,6,3276.4000000000005,1,3,Regular Customers,0.8672736995328917,1.425654020753262
71,3,1033.0,0,3,Regular Customers,0.03369390862682848,0.42669416390462456
16,11,3439.08,1,0,Champions,2.149144750557994,0.3696739531700172
15,1,1060.25,0,2,Recent Customers,-0.006619286553111925,-0.7824630374679971
4,3,2876.01,1,0,Champions,1.5377810983700364,-0.8914611473659128
3,13,5298.4800000000005,1,0,Champions,3.046239086152863,-0.3312364705369121
79,4,1240.11,0,3,Regular Customers,0.2819275147620853,0.6453360689567661
373,1,303.97,0,1,At Risk,-1.8018167358327644,0.7613329569274632
39,2,692.19,0,2,Recent Customers,-0.19169316547493156,-0.20160914763308563
54,3,700.63,0,3,Regular Customers,-0.04729131930963681,0.11472180267294801
2,19,13110.02,1,0,Champions,3.90838544671532,-0.04726082356261443
9,3,377.44,1,2,Recent Customers,0.3111997484648912,-1.1908202331819826
9,2,168.24,0,2,Recent Customers,-0.3306843331511567,-1.5939539745043152
19,4,1879.05,1,3,Regular Customers,1.00840231226355,-0.08223446293782943
12,7,2791.35,1,0,Champions,1.7858173593874018,-0.03146372300448622
113,2,355.11,0,1,At Risk,-0.9075850958770849,0.21974040928633604
4,6,2322.4,1,0,Champions,1.9428190777275962,-0.7552347712289549
240,1,110.25,0,1,At Risk,-2.1120986725622997,0.11546839616907986
113,1,71.4,0,1,At Risk,-2.0298202669964596,-0.5155476112866134
178,2,674.52,0,1,At Risk,-0.7763629438506892,0.7389435565367668
5,9,1710.45,1,0,Champions,2.050968906616552,-0.6145532361454936
359,1,80.64,0,1,At Risk,-2.412129638229932,0.25716449280008874
1,5,1664.65,1,0,Champions,1.9955487292921432,-1.5162831206850436
1,30,5593.39,1,0,Champions,4.05599910718529,-0.44684725897013156
19,8,3408.2000000000003,1,0,Champions,1.8224750787174795,0.3593724047720109
17,3,819.96,1,2,Recent Customers,0.45386046944888697,-0.5361552238630404
22,2,287.59,0,2,Recent Customers,-0.3958022680444369,-0.871571097334106
33,1,712.78,0,2,Recent Customers,-0.48262195504750677,-0.44907364340855294
263,1,15.0,0,1,At Risk,-3.066396905953515,-0.5330087481930322
51,2,772.55,0,3,Regular Customers,-0.2399074798237771,0.004661153351988399
159,3,367.63,0,1,At Risk,-0.7603768792835611,0.5572577635779811
15,1,271.2,0,2,Recent Customers,-0.6517864670382647,-1.2780233192186774
8,3,2081.9,1,2,Recent Customers,1.1601000693721553,-0.63647658061653
13,10,3957.43,1,0,Champions,2.2111278022679417,0.2644249939570525
199,5,1143.27,0,3,Regular Customers,0.05836189450985537,1.2663595579973808
57,2,245.81,0,1,At Risk,-0.8232831879614076,-0.3421701103635764
11,2,173.45,0,2,Recent Customers,-0.3859542451145417,-1.4673309973000312
97,4,1213.73,0,3,Regular Customers,0.19421761235922333,0.7661628750949779
255,1,56.4,0,1,At Risk,-2.4489295288152286,-0.0872611893408786
25,3,647.56,0,2,Recent Customers,0.20162245281047922,-0.38889147758252013
21,3,650.32,0,2,Recent Customers,0.2674503058537001,-0.4932464447743647
159,2,188.02,0,1,At Risk,-1.3373969012172782,0.20394684750769712
72,2,283.47,0,1,At Risk,-0.8438146530467423,-0.14463415478528005
53,1,131.94,0,1,At Risk,-1.456245507970484,-0.7679097433994996
85,2,266.85,0,1,At Risk,-0.9349639722790222,-0.06266510727148197
153,4,1817.54,0,3,Regular Customers,0.21288772748253396,1.1996533279048698
74,2,1117.9,0,3,Regular Customers,-0.20479606069038056,0.37126844443236195
281,1,225.9,0,1,At Risk,-1.8341697907662675,0.47464529000164796
27,14,1964.3,1,0,Champions,1.894989102046762,0.567459465338611
30,1,106.1,0,1,At Risk,-1.346719397061017,-1.1984594282205514
25,1,300.34,0,2,Recent Customers,-0.7890268645101257,-0.9332021459289759
180,2,342.83,0,1,At Risk,-1.1008214511266143,0.5000272978066679
40,4,690.0,0,3,Regular Customers,0.2596000897015126,0.008292823506381112
22,3,780.43,1,2,Recent Customers,0.33682516617831154,-0.39873635021826365
22,10,3039.17,1,0,Champions,1.8963441075634873,0.4830082378454434
37,9,1187.21,1,3,Regular Customers,1.1728507570223095,0.42268695190170513
82,3,1285.04,0,3,Regular Customers,0.08281249031013624,0.5962686348844344
74,1,512.31,0,1,At Risk,-0.9411577553188207,-0.06762575061126415
11,1,546.04,0,2,Recent Customers,-0.21093910007231934,-1.206186230180994
16,12,5411.91,1,0,Champions,2.436503246596805,0.5653828079115322
4,39,7761.82,1,0,Champions,4.091944443219861,0.35083018270680477
13,4,699.81,1,2,Recent Customers,0.6767467371431187,-0.6677464496278482
14,5,1698.07,1,3,Regular Customers,1.2352791865728006,-0.23172864309652785
37,4,36.56,0,1,At Risk,-1.0922093444736238,-1.100513198698203
4,3,387.68,1,2,Recent Customers,0.5886399919847031,-1.6205072742128632
72,7,3704.87,1,3,Regular Customers,1.2608783416437457,1.1654814343553266
51,1,298.4,0,1,At Risk,-1.056870142739476,-0.49614356622231137
5,5,1987.33,1,0,Champions,1.6598443308866038,-0.7553401908553498
23,4,1820.09,1,3,Regular Customers,0.9236477523269682,0.02174101932424566
299,1,889.24,0,1,At Risk,-1.2096441006593766,1.0117309434696165
2,3,398.7,1,2,Recent Customers,0.7970307455692179,-1.9341555892982283
33,1,35.400000000000006,0,1,At Risk,-1.8937117512301935,-1.532947836212281
50,1,155.37,0,1,At Risk,-1.357442813474878,-0.7450242869820352
3,3,342.24,1,2,Recent Customers,0.6149302950990435,-1.807246215838638
47,1,110.21000000000001,0,1,At Risk,-1.4958787663361168,-0.9075789439115176
42,8,1541.23,1,3,Regular Customers,1.1539448298504469,0.5557255215246973
27,5,2720.8,1,3,Regular Customers,1.2202814581493495,0.3355627511340026
42,1,318.15,0,1,At Risk,-0.9539844581467598,-0.5933533864952661
2,124,40519.84,1,0,Champions,6.101636583864088,1.0646925607555617
303,1,205.48,0,1,At Risk,-1.907581358126927,0.4879203624376378
107,1,51.559999999999995,0,1,At Risk,-2.1610154528782033,-0.6664595278391586
85,1,2033.1,0,3,Regular Customers,-0.34055925057028297,0.5206175848112389
81,9,901.1999999999999,1,3,Regular Customers,0.7484766470987927,0.8099781642490229
218,4,605.8000000000001,0,3,Regular Customers,-0.4420494818998567,1.0231272761707173
372,34,5391.21,1,0,Champions,2.151110328657704,2.900659882525488
12,2,114.34,0,2,Recent Customers,-0.6127141015299352,-1.567279994878312
185,2,311.26,0,1,At Risk,-1.156897239156786,0.4822248798884829
373,1,208.97,0,1,At Risk,-1.9787947044178864,0.6253941574526433
2,4,1418.03,1,2,Recent Customers,1.5997066243534714,-1.3873466224503195
4,23,26879.04,1,0,Champions,4.21863766522979,0.6077849940156805
6,12,5140.66,1,0,Champions,2.751074551578921,-0.015834587462804937
305,1,141.92000000000002,0,1,At Risk,-2.084536884578585,0.3580798255630379
369,1,226.45000000000002,0,1,At Risk,-1.9367709447631278,0.6477014544778492
3,8,2097.88,1,0,Champions,2.2072767126756054,-0.8375740111199697
324,1,330.9,0,1,At Risk,-1.7080493320883543,0.7031280300539365
59,6,3160.0,1,3,Regular Customers,1.1395617148664559,0.932159508392989
13,3,554.85,1,2,Recent Customers,0.364952831912227,-0.8375033647308031
31,20,10526.32,1,0,Champions,2.9442299305752506,1.3920716815819398
143,1,329.65,0,1,At Risk,-1.398887551961303,0.18572242922967652
30,6,1157.8700000000001,1,3,Regular Customers,0.9160288108474439,0.1480770075232416
107,5,428.18,0,3,Regular Customers,-0.17123486296366844,0.5185816502781601
2,12,1865.89,1,0,Champions,2.5943726781841265,-0.9219432311437603
205,1,155.9,0,1,At Risk,-1.889126946094866,0.14121459722489135
80,5,1848.96,1,3,Regular Customers,0.6314207197703414,0.8683277631612665
185,6,683.46,0,3,Regular Customers,-0.018096041129917088,1.0921584121499412
170,1,237.61,0,1,At Risk,-1.6192177721053314,0.17585010756033143
44,1,379.45,0,1,At Risk,-0.8880449204204349,-0.5005448089416478
174,1,178.51999999999998,0,1,At Risk,-1.7629685127548733,0.08687616275447398
365,1,458.92,0,1,At Risk,-1.5987553308935476,0.8972550867138274
304,1,133.35000000000002,0,1,At Risk,-2.1126066949776767,0.33348355570938165
3,4,664.34,1,2,Recent Customers,1.1306727033700235,-1.4808341256333573
4,4,695.0699999999999,1,2,Recent Customers,1.066841404038865,-1.3229308520718166
12,1,156.34,0,2,Recent Customers,-0.8323665926676327,-1.6092839478105996
32,3,869.28,0,3,Regular Customers,0.2499803284216399,-0.13065608223879915
129,1,111.35,0,1,At Risk,-1.871640383498154,-0.2722530107640639
21,8,716.0,1,3,Regular Customers,1.046783775189241,-0.14805877349755744
212,2,201.37,0,1,At Risk,-1.414334852577382,0.41018261577506526
323,2,586.89,0,1,At Risk,-1.068904956719884,1.0644906990982401
162,1,203.85999999999999,0,1,At Risk,-1.6732253960481425,0.08993364433430225
56,3,244.1,0,1,At Risk,-0.5596238798762287,-0.24568342182768077
225,1,107.21,0,1,At Risk,-2.1006877611266104,0.06463975528841012
72,8,1118.96,1,3,Regular Customers,0.8000691780291435,0.7747197713273272
44,1,95.45,0,1,At Risk,-1.5387428295616163,-1.0003533065563261
23,1,256.32,0,2,Recent Customers,-0.833328762646861,-1.0414587786443426
173,3,541.8100000000001,0,1,At Risk,-0.6089373966609515,0.7513678992976646
85,2,152.06,0,1,At Risk,-1.2003000579041134,-0.26647278585196243
159,1,154.55,0,1,At Risk,-1.7966925368329918,-0.02212974239264147
190,2,112.19999999999999,0,1,At Risk,-1.6481465727663878,0.12949031776483097
29,1,110.38,0,2,Recent Customers,-1.315614059151007,-1.2049748007494019
21,1,181.07,0,2,Recent Customers,-0.9641148521183056,-1.2226073225589889
71,4,798.99,0,3,Regular Customers,0.11394382679187263,0.4185994973729679
247,1,72.9,0,1,At Risk,-2.316997403962304,-0.015364865116460043
374,1,232.03,0,1,At Risk,-1.930406514096854,0.6650379234743313
9,1,366.23,0,2,Recent Customers,-0.3302595376577078,-1.4669140494020072
310,5,310.06,0,1,At Risk,-0.7278857277287678,1.071837413376455
59,2,408.65,0,1,At Risk,-0.595986322877204,-0.13614208871873373
4,1,329.36,0,2,Recent Customers,-0.11564691086768096,-1.944859700588667
45,3,335.03,0,2,Recent Customers,-0.3281074654526218,-0.26668663922669417
88,1,1304.04,0,3,Regular Customers,-0.5640972187570221,0.3807135901378117
4,17,4119.5,1,0,Champions,3.069089558297449,-0.18529128472965742
64,4,820.23,0,3,Regular Customers,0.16543890983672277,0.3633048696021195
282,1,207.50000000000003,0,1,At Risk,-1.8756214993255516,0.44608842774069624
12,7,2962.5,1,0,Champions,1.8140236725658094,-0.009798131621910717
373,1,244.08,0,1,At Risk,-1.9054807602939816,0.68170743547614
133,2,397.29,0,1,At Risk,-0.9162544588266665,0.36297995185108867
45,2,212.54,0,1,At Risk,-0.803390618313743,-0.5418523039155683
11,4,843.0,1,2,Recent Customers,0.8237849448115603,-0.6977568055344829
36,5,1740.48,1,3,Regular Customers,0.9020754896974106,0.34961079906302284
134,2,408.36,0,1,At Risk,-0.9060958296290998,0.37767775999757175
29,3,1331.57,1,3,Regular Customers,0.4884024549335613,-0.03590749662366144
52,2,704.25,0,3,Regular Customers,-0.2910138245046761,-0.016929814620487347
138,2,145.79,0,1,At Risk,-1.4035399823659673,0.02266314480732923
5,1,380.13,0,2,Recent Customers,-0.11750926188838122,-1.7772137656938332
9,7,4301.22,1,0,Champions,2.0909926025788947,-0.04035939901185709
160,1,99.14,0,1,At Risk,-2.007889762006416,-0.17857482527368096
49,10,4020.04,1,0,Champions,1.732298424035164,1.0771191143167838
131,1,304.56,0,1,At Risk,-1.403067012623643,0.10182188326334993
8,1,77.50000000000001,0,2,Recent Customers,-1.0215817732915786,-2.0956329380902985
233,2,149.57999999999998,0,1,At Risk,-1.5904156243641052,0.36213098438907887
37,1,176.68,0,1,At Risk,-1.1844661943286063,-0.8850228040537176
147,1,358.56000000000006,0,1,At Risk,-1.3696098793799094,0.2336194627149145
1,45,58510.48,1,0,Champions,5.526166848418837,0.5590703091280604
72,3,482.2,0,3,Regular Customers,-0.33229341535983264,0.15836639684385756
40,3,1008.5400000000001,0,3,Regular Customers,0.23744343052471398,0.06100958592701589
5,12,2314.13,1,0,Champions,2.431626273594719,-0.4041585421626577
199,4,557.3,0,3,Regular Customers,-0.4468799797782009,0.9352555918277928
249,1,12.75,0,1,At Risk,-3.1174407546414376,-0.6227458892015963
66,1,111.68,0,1,At Risk,-1.617045455967997,-0.6913840456601391
117,1,508.4599999999999,0,1,At Risk,-1.1178476496222631,0.21692983059997328
171,1,73.78,0,1,At Risk,-2.17159836034173,-0.24303241171184703
21,39,1296.44,1,0,Champions,2.6777326581916787,0.638528251246819
142,1,102.41,0,1,At Risk,-1.947364394509694,-0.24203131519247975
32,2,463.21,0,2,Recent Customers,-0.30832826410265585,-0.46959453561946213
38,14,2599.19,1,0,Champions,1.901146261951844,0.8794738576418182
38,5,1098.43,1,3,Regular Customers,0.6638809390286305,0.21547016349226475
372,1,112.27,0,1,At Risk,-2.270416169796331,0.398913504305798
374,1,265.1,0,1,At Risk,-1.8674837114004101,0.7133696470585099
166,2,228.2,0,1,At Risk,-1.2623642902697336,0.3012895025551899
211,1,562.79,0,1,At Risk,-1.2936144897539683,0.6252589186130847
242,1,135.19,0,1,At Risk,-2.0193477567576505,0.19437555152736194
52,1,337.04,0,1,At Risk,-1.0065917307613548,-0.43985974438079345
25,3,703.99,0,2,Recent Customers,0.24118082322583903,-0.3585062413498091
15,13,4483.26,1,0,Champions,2.4374767331384364,0.48675033472064666
372,1,321.79,0,1,At Risk,-1.7738673781681378,0.7803183037520247
29,1,288.14,0,2,Recent Customers,-0.8632870946133349,-0.8575372918836247
365,1,300.91999999999996,0,1,At Risk,-1.7983228915172582,0.743964963529612
36,4,732.41,1,3,Regular Customers,0.3270568791188539,-0.03508947538399627
166,3,811.45,0,3,Regular Customers,-0.402027413659306,0.8722193313276494
145,1,152.68,0,1,At Risk,-1.767448823336086,-0.08458241622480224
22,1,631.35,0,2,Recent Customers,-0.3907470999365786,-0.7409745301290768
56,1,20.8,0,1,At Risk,-2.3341666053368084,-1.3921115722013957
185,1,198.57,0,1,At Risk,-1.7360525323437277,0.16408271772535185
12,7,201.12,1,2,Recent Customers,0.5407904876359775,-0.9877830864419487
237,3,630.84,0,1,At Risk,-0.6565717930018927,1.0052405672406
225,2,93.35,0,1,At Risk,-1.7987871709141214,0.16981941272617418
122,4,674.89,0,3,Regular Customers,-0.17055094464085074,0.6966902133102153
282,1,76.1,0,1,At Risk,-2.3473284054119694,0.08376496437396935
74,8,1962.46,1,3,Regular Customers,1.055942442042517,0.9963240667745752
37,2,380.39,0,2,Recent Customers,-0.4553984790473771,-0.4517311978734452
12,2,415.13,0,2,Recent Customers,-0.004318739229434357,-1.0999645667582332
362,1,157.92,0,1,At Risk,-2.099473474345203,0.5050151830975445
4,2,226.47,0,2,Recent Customers,0.07430455825004995,-1.9256694419757798
23,1,444.68,0,2,Recent Customers,-0.5728842373049294,-0.8414083633987705
70,9,2116.19,1,3,Regular Customers,1.207958259239887,1.0293359091679142
235,1,247.39,0,1,At Risk,-1.723238726493494,0.3947140900079754
257,1,174.8,0,1,At Risk,-1.9211787022260713,0.3253270402716433
373,1,102.78999999999999,0,1,At Risk,-2.312882357677146,0.3687776143512356
155,2,187.29,0,1,At Risk,-1.3295602950427245,0.18648769108533958
28,1,162.22,0,2,Recent Customers,-1.1214646155209635,-1.087285098048496
4,1,120.03,0,2,Recent Customers,-0.5917676170278644,-2.3105734542155116
32,5,1477.66,1,3,Regular Customers,0.86820861439178,0.21749849205280303
81,3,523.0,0,3,Regular Customers,-0.3382688874703256,0.26159043907934987
108,2,122.14,0,1,At Risk,-1.3939664745451057,-0.19544698758900317
52,1,38.45,0,1,At Risk,-2.0251395988685674,-1.2222179978124104
36,1,612.72,0,2,Recent Customers,-0.5865372643213549,-0.45047763893796633
153,2,389.78,0,1,At Risk,-0.9784211267118952,0.4442356875638365
99,1,115.31,0,1,At Risk,-1.7549929901201915,-0.4259590819641777
4,2,230.64999999999998,0,2,Recent Customers,0.08293857550216414,-1.9190375546890142
334,1,73.5,0,1,At Risk,-2.428030722650085,0.1782058531948206
65,1,93.82000000000001,0,1,At Risk,-1.6931267934325855,-0.7637684096012581
22,2,418.68,0,2,Recent Customers,-0.21823787682306678,-0.7351818599330643
36,3,713.89,0,3,Regular Customers,0.11301589351664425,-0.12976125618623618
32,3,403.12,0,2,Recent Customers,-0.11374588745211178,-0.4100383438767238
154,6,70.02,0,1,At Risk,-1.0227289691283081,0.15141195519141742
19,2,357.20000000000005,0,2,Recent Customers,-0.23995582120821518,-0.8814723064254182
12,21,4097.37,1,0,Champions,2.8831117565885305,0.4952409121966509
54,1,165.04999999999998,0,1,At Risk,-1.3578068900691014,-0.6752817891069303
25,3,529.29,0,2,Recent Customers,0.10616047992657512,-0.46221690951668837
4,10,2088.6,1,0,Champions,2.301514315061617,-0.6209686655326814
45,1,178.34,0,1,At Risk,-1.2530396145618181,-0.7605191999139648
203,2,172.29000000000002,0,1,At Risk,-1.4713994963507226,0.326314771361172
359,1,74.4,0,1,At Risk,-2.44983072486452,0.22820585745708535
71,1,300.02,0,1,At Risk,-1.1786221946048212,-0.2878812950318307
7,10,6761.34,1,0,Champions,2.6788204126712523,0.10470369618298894
288,1,363.65,0,1,At Risk,-1.618583278695589,0.6629780913663347
10,1,170.16,0,2,Recent Customers,-0.728633240970701,-1.6845232684523401
23,3,306.46,0,2,Recent Customers,-0.12171561733631393,-0.7114789817410875
22,10,2119.41,1,0,Champions,1.72550397792275,0.3517839825827644
173,3,720.52,0,3,Regular Customers,-0.47399237037634967,0.8550207156051568
133,2,814.0,0,1,At Risk,-0.5767554134175318,0.6237530470828129
6,14,2392.83,1,0,Champions,2.5180778155180956,-0.2395230987869859
75,1,318.0,0,1,At Risk,-1.171767917235303,-0.23247705078387834
40,1,396.33,0,2,Recent Customers,-0.8319003306069005,-0.5437471837196816
289,1,101.69999999999999,0,1,At Risk,-2.220717565751204,0.20367516145839412
26,5,2009.24,1,3,Regular Customers,1.0904860530423464,0.20213977668359187
258,2,453.0,0,1,At Risk,-1.1059117231726496,0.8284167289339641
186,1,247.44,0,1,At Risk,-1.6342434972255788,0.24725581429739352
114,12,3859.82,1,3,Regular Customers,1.546009890497421,1.6542226840358294
374,1,489.6,0,1,At Risk,-1.5774157510580435,0.9361741611474225
23,10,2611.75,1,0,Champions,1.8082470502415469,0.4548076643776687
8,11,2584.41,1,0,Champions,2.2566673241237343,-0.1375227693487799
217,2,336.13,0,1,At Risk,-1.181203110014929,0.6107710448940114
45,4,3613.15,1,3,Regular Customers,1.0001210033043986,0.6838052759166567
19,2,1231.5,1,2,Recent Customers,0.3459621935210685,-0.4314219857570608
36,3,343.45,0,2,Recent Customers,-0.2332028904441018,-0.3956958593660605
26,1,680.84,0,2,Recent Customers,-0.41626910810242745,-0.6118840514905914
16,1,90.47999999999999,0,2,Recent Customers,-1.191972101272869,-1.6367256559422512
330,2,689.95,0,1,At Risk,-1.0004808977723803,1.136870038896299
274,1,101.34,0,1,At Risk,-2.2020947222247105,0.1687280287577529
98,2,4055.7199999999993,0,3,Regular Customers,0.2998751411087295,1.016374761415272
61,1,166.03,0,1,At Risk,-1.400780545877167,-0.5971923526545662
2,11,9068.26,1,0,Champions,3.2714033660475064,-0.3768937365028764
93,4,2106.52,1,3,Regular Customers,0.47139150415240766,0.9404180111563153
82,7,3017.3,1,3,Regular Customers,1.1145287544598366,1.1721232942410387
313,2,580.0500000000001,0,1,At Risk,-1.062478180237424,1.0403541741168367
12,3,849.06,1,2,Recent Customers,0.5946872227670884,-0.729765998957301
8,6,2662.4,1,0,Champions,1.7830420579417467,-0.33287564565822125
127,1,168.31,0,1,At Risk,-1.6712607620794124,-0.1327169870555094
11,2,222.4,0,2,Recent Customers,-0.26868338059750774,-1.3772539065566582
1,60,259657.3,1,0,Champions,6.488107839911759,1.2097464985620534
37,1,754.64,0,2,Recent Customers,-0.49808766713641883,-0.35780761609701234
38,1,113.48000000000002,0,1,At Risk,-1.402819996471256,-1.0286544108107871
330,1,421.9,0,1,At Risk,-1.6001484428610018,0.8029721817145629
254,1,271.0,0,1,At Risk,-1.7097632355201642,0.47687131884708106
2,26,8004.92,1,0,Champions,3.946050792521953,-0.11211661068592364
20,1,198.8,0,2,Recent Customers,-0.9022830913782429,-1.2182541130820599
12,2,352.69,0,2,Recent Customers,-0.08140547450362039,-1.1591757687648034
369,1,76.32000000000001,0,1,At Risk,-2.4483742568961255,0.25473310584833636
290,1,220.1,0,1,At Risk,-1.8584486431314466,0.48513032743532747
68,8,1403.1100000000001,1,3,Regular Customers,0.9288075229586333,0.8213461045447426
26,1,315.65,0,2,Recent Customers,-0.7799454560218971,-0.8912280089831383
11,26,5625.08,1,0,Champions,3.2492220466334785,0.6382253921304895
368,1,180.7,0,1,At Risk,-2.042219873814841,0.5641951750907136
214,1,111.15,0,1,At Risk,-2.064669766197172,0.04603348679739854
149,2,653.3,0,1,At Risk,-0.7239781308290569,0.6152708267673631
8,6,1793.06,1,0,Champions,1.5956926257159945,-0.4767808848394947
24,2,574.4399999999999,0,2,Recent Customers,-0.10042586289112841,-0.5673649276557449
30,4,1131.75,1,3,Regular Customers,0.6007588579356051,0.011066932560328866
61,1,200.92000000000002,0,1,At Risk,-1.3108341171736977,-0.5281034732152246
19,3,347.08,0,2,Recent Customers,0.006767555716078456,-0.7818660167111878
243,1,112.55000000000001,0,1,At Risk,-2.1071216713504004,0.1307638412291074
15,3,1059.39,1,2,Recent Customers,0.6201981334078571,-0.517615805916084
212,1,931.4999999999999,0,1,At Risk,-1.056823070644914,0.8115051345396125
29,5,681.9100000000001,1,3,Regular Customers,0.5383182433707656,-0.1242802441156503
63,3,784.33,0,3,Regular Customers,-0.05174678365968494,0.2518397500917111
295,1,152.65,0,1,At Risk,-2.037519563214972,0.363382465898509
18,6,8438.34,1,0,Champions,2.0444515413995354,0.5608474220054692
157,2,1019.52,0,3,Regular Customers,-0.5330637340266883,0.810099371562607
117,2,1000.16,0,3,Regular Customers,-0.4306360298524732,0.618071291651917
8,12,2888.75,1,0,Champions,2.381861668050155,-0.06637405241564762
13,4,2861.55,1,3,Regular Customers,1.34399328351734,-0.15522675470206632
141,2,160.35000000000002,0,1,At Risk,-1.3668545553834668,0.07064352268787623
46,2,179.33999999999997,0,1,At Risk,-0.8917288519888877,-0.5897620681814989
51,3,612.0799999999999,0,3,Regular Customers,-0.08983394491973544,0.030029595278149152
32,3,566.58,0,2,Recent Customers,0.04731045774721236,-0.28632912521390524
135,2,653.35,0,1,At Risk,-0.6865135781006988,0.5531853599634727
3,2,399.19,1,2,Recent Customers,0.4274054161702631,-1.8613814629561058
75,3,371.62,0,1,At Risk,-0.4708974868911319,0.08925114402842531
13,2,675.64,0,2,Recent Customers,0.19787893498494,-0.8759299789399493
9,2,453.4,0,2,Recent Customers,0.13762016582821565,-1.2342439389057678
301,1,530.15,0,1,At Risk,-1.4570583394223695,0.8278510762931491
57,2,638.0600000000001,0,3,Regular Customers,-0.3721812919741399,0.004326409353394747
15,5,1618.69,1,3,Regular Customers,1.1879390256728508,-0.20824117549975107
37,1,399.65000000000003,0,2,Recent Customers,-0.7989283897253803,-0.5888868119360742
177,1,302.46000000000004,0,1,At Risk,-1.5205473411959827,0.28884538613029076
23,3,1384.8600000000001,1,3,Regular Customers,0.5922351856936365,-0.16308521372642834
176,6,1160.04,0,3,Regular Customers,0.2514132371039128,1.2531776994816912
61,1,202.65,0,1,At Risk,-1.3067889753138253,-0.5249963535407668
33,3,980.31,1,3,Regular Customers,0.29551003320820113,-0.06799996332474807
59,5,1231.31,1,3,Regular Customers,0.5534232076365679,0.5301141130654918
15,20,7561.68,1,0,Champions,3.0521846914550284,0.8322009051251709
87,4,2106.84,1,3,Regular Customers,0.4966593051204322,0.8986601837412157
7,1,104.0,0,2,Recent Customers,-0.8386751849581856,-2.0643667400471815
358,1,476.35,0,1,At Risk,-1.5737412282934584,0.8985606435388503
31,6,1340.8700000000001,1,3,Regular Customers,0.9734209768551075,0.22160283395839192
129,4,1590.81,0,3,Regular Customers,0.214465503151009,1.0437548175776787
9,6,1793.17,1,0,Champions,1.5554741903787612,-0.4099667426789362
5,6,1843.75,1,0,Champions,1.763790674489256,-0.7236721049957542
24,1,366.85,0,2,Recent Customers,-0.6794809181929073,-0.88543009595416
227,2,632.07,0,1,At Risk,-0.8995646452761351,0.86869307058769
15,1,49.8,0,2,Recent Customers,-1.4477233031880827,-1.8893914958849822
249,1,304.25,0,1,At Risk,-1.6475147628527125,0.506321057594579
15,3,2001.04,1,3,Regular Customers,0.9215381662971757,-0.2861530841311737
78,2,1090.24,0,3,Regular Customers,-0.23651335251373265,0.39509104583937
192,2,284.46000000000004,0,1,At Risk,-1.2135575863354835,0.47296309660144553
262,1,207.79999999999998,0,1,At Risk,-1.8469420232313833,0.4001491081928542
72,1,957.97,0,1,At Risk,-0.6344951908219212,0.14286015025583446
165,1,243.76,0,1,At Risk,-1.5958155106780154,0.16630574168104945
82,1,973.8399999999999,0,1,At Risk,-0.6757539578679042,0.23022346965193044
95,2,686.63,0,1,At Risk,-0.5299389581176447,0.3504488844604771
4,17,5425.56,1,0,Champions,3.1996392352856295,-0.0850145864294221
106,1,150.35,0,1,At Risk,-1.655976232774676,-0.2871597342801557
200,3,1396.99,0,3,Regular Customers,-0.21547440300290285,1.187361615571701
157,1,160.42000000000002,0,1,At Risk,-1.7743235880499038,-0.01661286769232515
71,3,1975.35,1,3,Regular Customers,0.34085990856912735,0.6626318775390491
36,2,517.36,0,2,Recent Customers,-0.2997178103088991,-0.3568819745030527
29,1,139.10000000000002,0,2,Recent Customers,-1.206838660560201,-1.1214231744365646
2,6,2621.38,1,0,Champions,2.195350294960339,-1.034978291923395
26,5,600.07,1,3,Regular Customers,0.5180389967335517,-0.23756334692912903
326,1,216.07,0,1,At Risk,-1.9117258964466353,0.552371033719227
237,1,232.48000000000002,0,1,At Risk,-1.755814327306873,0.3775182083544575
89,1,299.34000000000003,0,1,At Risk,-1.2649349080088732,-0.14724625244840484
31,1,481.75,0,2,Recent Customers,-0.6448942684365951,-0.6299372811671741
29,2,621.75,0,2,Recent Customers,-0.13260921333257567,-0.42300889880450165
211,2,641.92,0,1,At Risk,-0.8644500877357139,0.8281913637665935
3,10,2069.77,1,0,Champions,2.382462582881317,-0.7657242000531252
227,1,305.28000000000003,0,1,At Risk,-1.6107296645024807,0.44915272976841064
22,5,1041.61,1,3,Regular Customers,0.8404407302035977,-0.13861711699359808
93,1,443.0,0,1,At Risk,-1.096194270707913,0.022691404277582698
5,14,6484.54,1,0,Champions,3.049544661922707,0.02575057445037409
264,1,158.95000000000002,0,1,At Risk,-1.9762058096770734,0.30788555161454656
3,12,5504.96,1,0,Champions,2.9973050583134526,-0.3456634570582843
44,11,5228.05,1,0,Champions,1.9758345969760212,1.1392833516099308
218,1,93.75,0,1,At Risk,-2.1516518575995134,-0.0036839042169967795
57,2,779.9,0,3,Regular Customers,-0.27713740100289147,0.07733070779426486
12,20,7276.900000000001,1,0,Champions,3.113302875321573,0.6865915092298472
9,7,2810.2000000000003,1,0,Champions,1.889230057145747,-0.19533551510381025
192,5,2071.77,1,3,Regular Customers,0.35367623069573445,1.4601549061039056
82,4,592.97,0,3,Regular Customers,-0.08155604130182421,0.4002797425464532
326,1,440.0,0,1,At Risk,-1.5756325856157032,0.8105281453141627
72,3,1796.48,0,3,Regular Customers,0.29060963388445255,0.6368253450419511
30,6,882.24,1,3,Regular Customers,0.7872464033458557,0.049157769105027276
3,5,987.1,1,2,Recent Customers,1.4831701122032535,-1.267054928339536
219,5,1561.6100000000001,0,3,Regular Customers,0.16969602124161265,1.4402627461305035
46,1,422.58,0,1,At Risk,-0.8537377019422747,-0.4338669969871147
10,17,2073.09,1,0,Champions,2.4424153839677443,0.06453135788558059
72,4,2232.4900000000002,1,3,Regular Customers,0.5955004815373262,0.8012799427583776
7,7,2567.06,1,0,Champions,1.9315780098202016,-0.36974039265912234
24,2,596.1,0,2,Recent Customers,-0.08290598663802766,-0.5539077105578527
123,2,804.02,0,1,At Risk,-0.5529703893634936,0.5700987407243087
17,1,95.34,0,2,Recent Customers,-1.1892626769833816,-1.5816384942416948
310,1,349.27,0,1,At Risk,-1.665686064061502,0.6948342859069188
87,1,4314.72,0,3,Regular Customers,0.007323688868077766,0.8091498416694871
51,2,518.27,0,2,Recent Customers,-0.42888992080041777,-0.1404984185064108
89,1,103.3,0,1,At Risk,-1.7664225970986658,-0.5324446754570815
39,8,2337.63,1,3,Regular Customers,1.3789791437716175,0.6615101721905596
25,3,2338.6000000000004,1,3,Regular Customers,0.8099548992360379,0.07837562413526171
173,6,2628.35,1,3,Regular Customers,0.6455277562902462,1.5400489913676414
43,2,324.24,0,2,Recent Customers,-0.5869143020467089,-0.41679684415442064
140,1,149.48,0,1,At Risk,-1.7641147809485456,-0.11433671821441384
26,3,1213.1599999999999,1,3,Regular Customers,0.4845265013888374,-0.1365910426208113
72,2,801.51,0,3,Regular Customers,-0.35206009172352715,0.23308814159418184
134,1,25.5,0,1,At Risk,-2.57096261611402,-0.7744118033865977
366,1,168.6,0,1,At Risk,-2.072819868294831,0.5356509958301408
38,2,283.15,0,2,Recent Customers,-0.6048746246853752,-0.5424570898077237
3,6,3078.58,1,0,Champions,2.161658294720816,-0.7940746924165679
2,3,204.0,1,2,Recent Customers,0.48043504640499257,-2.177336362630339
30,1,175.92,0,2,Recent Customers,-1.108724280459923,-1.0156526602919118
44,1,335.86,0,1,At Risk,-0.9457436533231801,-0.5448638648372687
58,1,110.38,0,1,At Risk,-1.5739746121529408,-0.776218561704348
74,1,173.9,0,1,At Risk,-1.45166471997127,-0.4597519822162431
278,1,180.60000000000002,0,1,At Risk,-1.935680041843305,0.3867557989036941
181,1,80.82,0,1,At Risk,-2.1505255468126068,-0.1744393797254969
8,2,178.05,0,2,Recent Customers,-0.26371945501538396,-1.6402238683987025
4,16,2045.53,1,0,Champions,2.6855414073994655,-0.4620361807699729
43,3,1837.28,1,3,Regular Customers,0.49464595315799875,0.3240571889825256
